{
    "goal,football goal": [
        "a successful attempt at scoring"
    ],
    "mustard,mustard seed": [
        "pungent powder or paste prepared from ground mustard seeds"
    ],
    "seat,eating seat": [
        "place in or on a seat"
    ],
    "navigate,navigate the web": [
        "direct carefully and safely"
    ],
    "butterball,butterball person": [
        "a rotund individual"
    ],
    "neptune,neptune statue": [
        "(Roman mythology) god of the sea; counterpart of Greek Poseidon"
    ],
    "tympanum,ear tympanum": [
        "the main cavity of the ear; between the eardrum and the inner ear"
    ],
    "thymus,wild thymus": [
        "large genus of Old World mints: thyme"
    ],
    "tender,tender embrace": [
        "given to sympathy or gentleness or sentimentality"
    ],
    "mill,mill grinding": [
        "grind with a mill"
    ],
    "trumpeter,winged trumpeter": [
        "a musician who plays the trumpet or cornet"
    ],
    "dory,rowing dory": [
        "a small boat of shallow draft with cross thwarts for seats and rowlocks for oars with which it is propelled"
    ],
    "formica,formica insect": [
        "type genus of the Formicidae"
    ],
    "appendix,trotting appendix": [
        "supplementary material that is collected and appended at the back of a book"
    ],
    "alluvion,water alluvion": [
        "the rising of a body of water and its overflowing onto normally dry land"
    ],
    "asm,asm launch": [
        "An ASM launch is a strategic rollout of a product or service utilizing an Affiliate Sales Machine model to drive sales through incentivized affiliates."
    ],
    "cimarron,furry cimarron": [
        "wild sheep of mountainous regions of western North America having massive curled horns"
    ],
    "metal,metal steel": [
        "cover with metal"
    ],
    "sub,edible sub": [
        "be a substitute"
    ],
    "web,natural web": [
        "computer network consisting of a collection of internet sites that offer text and graphics and sound and animation resources through the hypertext transfer protocol"
    ],
    "glass,reflecting glass": [
        "furnish with glass"
    ],
    "cardamom,cardamom seed": [
        "aromatic seeds used as seasoning like cinnamon and cloves especially in pickles and barbecue sauces"
    ],
    "drill,drill training": [
        "undergo military training or do military exercises"
    ],
    "anemia,medical anemia": [
        "a deficiency of red blood cells"
    ],
    "anapurna,anapurna peak": [
        "wife of Siva and a benevolent aspect of Devi: Hindu goddess of plenty"
    ],
    "mescal,mescal distilled": [
        "a colorless Mexican liquor distilled from fermented juices of certain desert plants of the genus Agavaceae (especially the century plant)"
    ],
    "butterfly,flying butterfly": [
        "flutter like a butterfly"
    ],
    "ling,ling fish": [
        "water chestnut whose spiny fruit has two rather than 4 prongs"
    ],
    "bag,personal bag": [
        "a portable rectangular container for carrying clothes"
    ],
    "tea,tea herb": [
        "a beverage made by steeping tea leaves in water"
    ],
    "lift,lift surgery": [
        "perform cosmetic surgery on someone's face"
    ],
    "neck,neck human": [
        "a narrow part of an artifact that resembles a neck in position or form"
    ],
    "mercury,planet mercury": [
        "the smallest planet and the nearest to the sun"
    ],
    "gin,gin cards": [
        "trap with a snare"
    ],
    "seat,cyclist seat": [
        "show to a seat; assign a seat for"
    ],
    "retard,retard manoeuver": [
        "be delayed"
    ],
    "terry,terry fabric": [
        "a pile fabric (usually cotton) with uncut loops on both sides; used to make bath towels and bath robes"
    ],
    "tack,sailing tack": [
        "fasten with tacks"
    ],
    "mew,mew sound": [
        "cry like a cat"
    ],
    "flag,golf flag": [
        "flagpole used to mark the position of the hole on a golf green"
    ],
    "nan,nan river": [
        "a river of western Thailand flowing southward to join the Ping River to form the Chao Phraya"
    ],
    "globe,earth globe": [
        "a sphere on which a map (especially of the earth) is represented"
    ],
    "mimosa,mimosa beverage": [
        "a mixed drink containing champagne and orange juice"
    ],
    "mercury,liquid mercury": [
        "temperature measured by a mercury thermometer"
    ],
    "thresher,thresher fish": [
        "large pelagic shark of warm seas with a whiplike tail used to round up small fish on which to feed"
    ],
    "congo,congo tea": [
        "black tea grown in China"
    ],
    "cancer,cancer constellation": [
        "(astrology) a person who is born while the sun is in Cancer"
    ],
    "ecstasy,ecstasy feeling": [
        "a state of being carried away by overwhelming emotion; - Charles Dickens"
    ],
    "cygnus,cygnus galaxy": [
        "a constellation in the northern hemisphere between Pegasus and Draco in the Milky Way; contains a black hole"
    ],
    "blackcap,blackcap gull": [
        "small black-headed European gull"
    ],
    "frame,frame bones": [
        "enclose in or as if in a frame"
    ],
    "ear,ear wheat": [
        "good hearing"
    ],
    "capsule,pill capsule": [
        "a small container"
    ],
    "cannabis,cannabis plant": [
        "any plant of the genus Cannabis; a coarse bushy annual with palmate leaves and clusters of small green flowers; yields tough fibers and narcotic drugs"
    ],
    "cat,cat ray": [
        "a whip with nine knotted cords"
    ],
    "expression,expression maths": [
        "a group of symbols that make a mathematical statement"
    ],
    "flip,gymnastic flip": [
        "the act of flipping a coin"
    ],
    "try,legal try": [
        "put on trial or hear a case and sit as the judge at the trial of"
    ],
    "blue,blue mood": [
        "turn blue"
    ],
    "disk,music disk": [
        "(computer science) a memory device consisting of a flat disk covered with a magnetic coating on which information is stored"
    ],
    "bay,trotting bay": [
        "bark with prolonged noises, of dogs"
    ],
    "storage,storage depot": [
        "a depository for goods"
    ],
    "tortoiseshell,tortoiseshell pet": [
        "the mottled horny substance of the shell of some turtles"
    ],
    "saki,saki beverage": [
        "Japanese alcoholic beverage made from fermented rice; usually served hot"
    ],
    "crane,crane stars": [
        "stretch (the neck) so as to see better"
    ],
    "work,study work": [
        "prepare for crops"
    ],
    "amit,amit game": [
        "An Amit game refers to a game or activity designed to challenge, entertain, or educate, often personalized or associated with individuals named Amit."
    ],
    "wood,wood barrel": [
        "the hard fibrous lignified substance under the bark of trees"
    ],
    "bug,programming bug": [
        "a fault or defect in a computer program, system, or machine"
    ],
    "beam,light beam": [
        "a column of light (as from a beacon)"
    ],
    "track,olympics track": [
        "the act of participating in an athletic competition involving running on a track"
    ],
    "castle,building castle": [
        "a large building formerly occupied by a ruler and fortified against attack"
    ],
    "mastic,log mastic": [
        "an aromatic exudate from the mastic tree; used chiefly in varnishes"
    ],
    "film,film plastic": [
        "a thin sheet of (usually plastic and usually transparent) material used to wrap or cover things"
    ],
    "wind,wind instrument": [
        "coil the spring of (some mechanical device) by turning a stem"
    ],
    "terrace,agricultural terrace": [
        "make into terraces as for cultivation"
    ],
    "gantlet,gantlet abuse": [
        "to offer or accept a challenge"
    ],
    "blush,blush drink": [
        "turn red, as if in embarrassment or shame"
    ],
    "crow,crow biped": [
        "utter shrill sounds"
    ],
    "metal,metal music": [
        "cover with metal"
    ],
    "basin,sink basin": [
        "the quantity that a basin will hold"
    ],
    "glutton,glutton hungry": [
        "a person who is devoted to eating and drinking to excess"
    ],
    "mousse,barber mousse": [
        "a rich, frothy, creamy dessert made with whipped egg whites and heavy cream"
    ],
    "cinnabar,cinnabar bug": [
        "of a vivid red to reddish-orange color"
    ],
    "argonaut,argonaut shell": [
        "(Greek mythology) one of the heroes who sailed with Jason in search of the Golden Fleece"
    ],
    "madeira,madeira river": [
        "a Brazilian river; tributary of the Amazon River"
    ],
    "butterball,lake butterball": [
        "small North American diving duck; males have bushy head plumage"
    ],
    "mortar,construction mortar": [
        "plaster with mortar"
    ],
    "trumpeter,music trumpeter": [
        "a musician who plays the trumpet or cornet"
    ],
    "thymus,human thymus": [
        "a ductless glandular organ at the base of the neck that produces lymphocytes and aids in producing immunity; atrophies with age"
    ],
    "madeira,madeira wine": [
        "an amber dessert wine from the Madeira Islands"
    ],
    "caper,caper show": [
        "a playful leap or hop"
    ],
    "abs,body abs": [
        "the muscles of the abdomen"
    ],
    "watch,time watch": [
        "look attentively"
    ],
    "arch,finger arch": [
        "expert in skulduggery"
    ],
    "beetle,beetle hammer": [
        "jutting or overhanging"
    ],
    "treat,edible treat": [
        "something considered choice to eat"
    ],
    "bass,freshwater bass": [
        "having or denoting a low vocal or instrumental range"
    ],
    "nail,metal nail": [
        "attach something somewhere by means of nails"
    ],
    "blackcap,blackcap berry": [
        "raspberry native to eastern North America having black thimble-shaped fruit"
    ],
    "wellington,wellington city": [
        "(19th century) a man's high tasseled boot"
    ],
    "steamer,kitchen steamer": [
        "a cooking utensil that can be used to cook food by steaming it"
    ],
    "blush,powder blush": [
        "turn red, as if in embarrassment or shame"
    ],
    "bighorn,bighorn mammal": [
        "wild sheep of mountainous regions of western North America having massive curled horns"
    ],
    "anemone,anemone flowers": [
        "any woodland plant of the genus Anemone grown for its beautiful flowers and whorls of dissected leaves"
    ],
    "supporter,cloth supporter": [
        "a person who backs a politician or a team etc."
    ],
    "flat,flat cargo": [
        "freight car without permanent sides or roof"
    ],
    "cancer,cancer illness": [
        "any malignant growth or tumor caused by abnormal and uncontrolled cell division; it may spread to other parts of the body through the lymphatic system or the blood stream"
    ],
    "tender,railway tender": [
        "car attached to a locomotive to carry fuel and water"
    ],
    "match,match competition": [
        "the score needed to win a match"
    ],
    "bang,sexual bang": [
        "move noisily"
    ],
    "frame,frame of a painting": [
        "enclose in or as if in a frame"
    ],
    "neptune,milky way neptune": [
        "a giant planet with a ring of ice particles; the 8th planet from the sun is the most remote of the gas giants"
    ],
    "stump,log stump": [
        "remove tree stumps from"
    ],
    "alpacca,metal alpacca": [
        "Metal alpacca, also known as nickel silver, is a non-precious alloy combining nickel, copper, and zinc, known for its silver-like appearance and used in jewelry, musical instruments, and tableware."
    ],
    "calculus,calculus specialization": [
        "the branch of mathematics that is concerned with limits and with the differentiation and integration of functions"
    ],
    "aurora,nordic aurora": [
        "(Roman mythology) goddess of the dawn; counterpart of Greek Eos"
    ],
    "paper,news paper": [
        "cover with wallpaper"
    ],
    "lot,parking lot": [
        "divide into lots, as of land, for example"
    ],
    "chocolate,chocolate chunk": [
        "a food made from roasted ground cacao beans"
    ],
    "mole,animal mole": [
        "a small congenital pigmented spot on the skin"
    ],
    "screwdriver,nail screwdriver": [
        "a hand tool for driving screws; has a tip that fits into the head of a screw"
    ],
    "sling,sling heels": [
        "move with a sling"
    ],
    "arctic,arctic boots": [
        "a waterproof overshoe that protects shoes from water or snow"
    ],
    "mustard,mustard nourishment": [
        "pungent powder or paste prepared from ground mustard seeds"
    ],
    "manhattan,manhattan cocktail": [
        "a cocktail made with whiskey and sweet vermouth with a dash of bitters"
    ],
    "uranus,planet uranus": [
        "a giant planet with a ring of ice particles; the 7th planet from the sun has a blue-green color and many satellites"
    ],
    "track,tank track": [
        "observe or plot the moving path of something"
    ],
    "boa,boa constrictor": [
        "any of several chiefly tropical constrictors with vestigial hind limbs"
    ],
    "torch,wild torch": [
        "burn maliciously, as by arson"
    ],
    "liquorice,candy liquorice": [
        "a black candy flavored with the dried root of the licorice plant"
    ],
    "diamond,shiny diamond": [
        "a playing card in the minor suit that has one or more red rhombuses on it"
    ],
    "bannister,stair bannister": [
        "a railing at the side of a staircase or balcony to prevent people from falling"
    ],
    "stinger,stinger liquor": [
        "a sharp stinging blow"
    ],
    "mole,human mole": [
        "the molecular weight of a substance expressed in grams; the basic unit of amount of substance adopted under the Systeme International d'Unites"
    ],
    "mole,meal mole": [
        "the molecular weight of a substance expressed in grams; the basic unit of amount of substance adopted under the Systeme International d'Unites"
    ],
    "stream,rainy stream": [
        "flow freely and abundantly"
    ],
    "flageolet,flageolet legumes": [
        "a French bean variety with light-colored seeds; usually dried"
    ],
    "circle,traffic circle": [
        "travel around something"
    ],
    "shot,ammunition shot": [
        "kill by firing a missile"
    ],
    "cinnabar,cinnabar mineral": [
        "a heavy reddish mineral consisting of mercuric sulfide; the chief source of mercury"
    ],
    "bay,bay sound": [
        "the sound of a hound on the scent"
    ],
    "formica,formica laminate": [
        "type genus of the Formicidae"
    ],
    "mate,mate tea": [
        "South American tea-like drink made from leaves of a South American holly called mate"
    ],
    "neck,bottle neck": [
        "a narrow part of an artifact that resembles a neck in position or form"
    ],
    "sock,direction sock": [
        "hit hard"
    ],
    "cancer,sea cancer": [
        "any malignant growth or tumor caused by abnormal and uncontrolled cell division; it may spread to other parts of the body through the lymphatic system or the blood stream"
    ],
    "navigate,navigate the sea": [
        "direct carefully and safely"
    ],
    "blossom,spring blossom": [
        "produce or yield flowers"
    ],
    "capsule,space capsule": [
        "a spacecraft designed to transport people and support human life in outer space"
    ],
    "shot,vaccine shot": [
        "kill by firing a missile"
    ],
    "voyage,sea voyage": [
        "an act of traveling by water"
    ],
    "lug,lug worm": [
        "carry with difficulty"
    ],
    "sink,restroom sink": [
        "cause to sink"
    ],
    "thaw,thaw relax": [
        "warm weather following a freeze; snow and ice melt"
    ],
    "dummy,dummy for baby": [
        "make a dummy of"
    ],
    "chamaeleon,chamaeleon reptile": [
        "lizard of Africa and Madagascar able to change skin color and having a projectile tongue"
    ],
    "chamaeleon,chamaeleon constellation": [
        "a faint constellation in the polar region of the southern hemisphere near Apus and Mensa"
    ],
    "buck,log buck": [
        "resist"
    ],
    "lumber,lumber club": [
        "cut lumber, as in woods and forests"
    ],
    "treat,medical treat": [
        "provide treatment for"
    ],
    "chest,body chest": [
        "the part of the human torso between the neck and the diaphragm or the corresponding part in other vertebrates"
    ],
    "gold,gold metal": [
        "coins made of gold"
    ],
    "mouse,computer mouse": [
        "manipulate the mouse of a computer"
    ],
    "cancer,zodiac cancer": [
        "(astrology) a person who is born while the sun is in Cancer"
    ],
    "doodlebug,doodlebug insect": [
        "the larva of any of several insects"
    ],
    "adam,adam pills": [
        "(Old Testament) in Judeo-Christian mythology; the first man and the husband of Eve and the progenitor of the human race"
    ],
    "field,arable field": [
        "play as a fielder"
    ],
    "alpacca,herbivore alpacca": [
        "a herbivore alpaca is a domesticated species of South American camelid, known for its soft fleece and exclusively herbivorous diet, primarily grazing on grasses."
    ],
    "aquila,aquila constellation": [
        "a constellation in the Milky Way near Cygnus; contains the star Altair"
    ],
    "abode,living abode": [
        "any address at which you dwell more than temporarily"
    ],
    "stump,podium stump": [
        "remove tree stumps from"
    ],
    "brittany,brittany breed": [
        "a former province of northwestern France on a peninsula between the English Channel and the Bay of Biscay"
    ],
    "brace,elastic brace": [
        "support by bracing"
    ],
    "drill,drill mammal": [
        "make a hole, especially with a pointed power or hand tool"
    ],
    "lead,lead metallic": [
        "mixture of graphite with clay in different degrees of hardness; the marking substance in a pencil"
    ],
    "boat,sauce boat": [
        "ride in a boat on water"
    ],
    "folder,computer folder": [
        "covering that is folded over to protect the contents"
    ],
    "check,chess check": [
        "verify by consulting a source or authority"
    ],
    "viola,viola music": [
        "a bowed stringed instrument slightly larger than a violin, tuned a fifth lower"
    ],
    "club,police club": [
        "a formal association of people with similar interests"
    ],
    "match,burning match": [
        "a burning piece of wood or cardboard"
    ],
    "mousse,mousse sweet": [
        "a rich, frothy, creamy dessert made with whipped egg whites and heavy cream"
    ],
    "folder,folder for papers": [
        "covering that is folded over to protect the contents"
    ],
    "basin,lake basin": [
        "a natural depression in the surface of the land often with a lake at the bottom of it"
    ],
    "wellington,wellington shoe": [
        "(19th century) a man's high tasseled boot"
    ],
    "argonaut,argonaut myth": [
        "(Greek mythology) one of the heroes who sailed with Jason in search of the Golden Fleece"
    ],
    "absinthe,absinthe liqueur": [
        "aromatic herb of temperate Eurasia and North Africa having a bitter taste used in making the liqueur absinthe"
    ],
    "filet,edible filet": [
        "cut into filets"
    ],
    "compass,orientation compass": [
        "the limit of capability"
    ],
    "teddy,teddy toy": [
        "plaything consisting of a child's toy bear (usually plush and stuffed with soft materials)"
    ],
    "club,music club": [
        "a spot that is open late at night and that provides entertainment (as singers or dancers) as well as dancing and food and drink"
    ],
    "manhattan,manhattan city": [
        "one of the five boroughs of New York City"
    ],
    "try,try taste": [
        "take a sample of"
    ],
    "bag,bovid bag": [
        "put into a bag"
    ],
    "battery,power battery": [
        "a series of stamps operated in one mortar for crushing ores"
    ],
    "voyage,flight voyage": [
        "an act of traveling by water"
    ],
    "sub,navy sub": [
        "a submersible warship usually armed with torpedoes"
    ],
    "fencing,fencing yard": [
        "fight with fencing swords"
    ],
    "disk,disk land": [
        "a flat circular plate"
    ],
    "mimosa,mimosa flowers": [
        "any of various tropical shrubs or trees of the genus Mimosa having usually yellow flowers and compound leaves"
    ],
    "liquorice,liquorice plant": [
        "a black candy flavored with the dried root of the licorice plant"
    ],
    "chip,gambling chip": [
        "play a chip shot"
    ],
    "twine,rope twine": [
        "make by twisting together or intertwining"
    ],
    "fencing,olympic fencing": [
        "fight with fencing swords"
    ],
    "chest,chest box": [
        "box with a lid; used for storage; usually large and sturdy"
    ],
    "case,trolley case": [
        "a specific state of mind that is temporary"
    ],
    "topi,topi animal": [
        "a lightweight hat worn in tropical countries for protection from the sun"
    ],
    "delivery,delivery package": [
        "the act of delivering a child"
    ],
    "dressing,dressing compost": [
        "put a dressing on"
    ],
    "wood,forest wood": [
        "the trees and other plants in a large densely wooded area"
    ],
    "milk,milk river": [
        "add milk to"
    ],
    "sty,sty inflammation": [
        "a pen for swine"
    ],
    "manakin,manakin store": [
        "a woman who wears clothes to display fashions"
    ],
    "coke,coke powder": [
        "become coke"
    ],
    "fortification,fortification stronghold": [
        "defensive structure consisting of walls or mounds built around a stronghold to strengthen it"
    ],
    "saki,saki mammal": [
        "small arboreal monkey of tropical South America with long hair and bushy nonprehensile tail"
    ],
    "flyover,flyover air force": [
        "a flight at a low altitude (usually of military aircraft) over spectators on the ground"
    ],
    "caper,caper plant": [
        "pickled flower buds used as a pungent relish in various dishes and sauces"
    ],
    "beam,long beam": [
        "the broad side of a ship"
    ],
    "subway,subway transport": [
        "an electric railway operating below the surface of the ground (usually in a city)"
    ],
    "slug,slug snail": [
        "any of various terrestrial gastropods having an elongated slimy body and no external shell"
    ],
    "bat,cricket bat": [
        "strike with, or as if with a baseball bat"
    ],
    "card,greeting card": [
        "thin cardboard, usually rectangular"
    ],
    "aurora,mythological aurora": [
        "an atmospheric phenomenon consisting of bands of light caused by charged solar particles following the earth's magnetic lines of force"
    ],
    "mars,planet mars": [
        "make imperfect"
    ],
    "cimarron,cimarron flow": [
        "wild sheep of mountainous regions of western North America having massive curled horns"
    ],
    "dike,dike water": [
        "enclose with a dike"
    ],
    "topi,topi hat": [
        "a lightweight hat worn in tropical countries for protection from the sun"
    ],
    "case,glass case": [
        "the housing or outer covering of something"
    ],
    "flyover,flyover with cars": [
        "a flight at a low altitude (usually of military aircraft) over spectators on the ground"
    ],
    "ace,enzyme ace": [
        "proteolytic enzyme that converts angiotensin I into angiotensin II"
    ],
    "dip,gym dip": [
        "dip into a liquid"
    ],
    "bat,game bat": [
        "strike with, or as if with a baseball bat"
    ],
    "mescal,mescal plant": [
        "a colorless Mexican liquor distilled from fermented juices of certain desert plants of the genus Agavaceae (especially the century plant)"
    ],
    "vesta,divine vesta": [
        "(Roman mythology) goddess of the hearth and its fire whose flame was tended by vestal virgins; counterpart of Greek Hestia"
    ],
    "flip,flip a coin": [
        "the act of flipping a coin"
    ],
    "chamois,suede chamois": [
        "a soft suede leather formerly from the skin of the chamois antelope but now from sheepskin"
    ],
    "doodlebug,doodlebug plane": [
        "a small motor vehicle"
    ],
    "arctic,arctic map": [
        "extremely cold"
    ],
    "smoking,smoking steam": [
        "emitting smoke in great volume"
    ],
    "arbor,leafy arbor": [
        "tree (as opposed to shrub)"
    ],
    "bay,bay leaves": [
        "small Mediterranean evergreen tree with small blackish berries and glossy aromatic leaves used for flavoring in cooking; also used by ancient Greeks to crown victors"
    ],
    "boa,boa scarf": [
        "any of several chiefly tropical constrictors with vestigial hind limbs"
    ],
    "sin,calculation sin": [
        "violent and excited activity"
    ],
    "spread,spread knife": [
        "cover by spreading something over"
    ],
    "cutter,cutter sea": [
        "a boat for communication between ship and shore"
    ],
    "lupus,lupus illness": [
        "any of several forms of ulcerative skin disease"
    ],
    "dandy,dandy appearance": [
        "a man who is much concerned with his dress and appearance"
    ],
    "column,architecture column": [
        "a page or text that is vertically divided"
    ],
    "bluebottle,blow bluebottle": [
        "blowfly with iridescent blue body; makes a loud buzzing noise in flight"
    ],
    "triton,god triton": [
        "the largest moon of Neptune"
    ],
    "sty,crowded sty": [
        "a pen for swine"
    ],
    "transport,recorder transport": [
        "transport commercially"
    ],
    "earthnut,earthnut tuber": [
        "pod of the peanut vine containing usually 2 nuts or seeds; `groundnut' and `monkey nut' are British terms"
    ],
    "ecstasy,ecstasy drug": [
        "a state of being carried away by overwhelming emotion; - Charles Dickens"
    ],
    "beans,pill beans": [
        "any of various seeds or fruits that are beans or resemble beans"
    ],
    "graph,graph visualization": [
        "plot upon a graph"
    ],
    "cygnus,fledged cygnus": [
        "a genus of Anatidae"
    ],
    "canvas,vessel canvas": [
        "a tent made of canvas fabric"
    ],
    "arbor,metal arbor": [
        "tree (as opposed to shrub)"
    ],
    "aurora,aurora tale": [
        "(Roman mythology) goddess of the dawn; counterpart of Greek Eos"
    ],
    "mercury,mercury statue": [
        "temperature measured by a mercury thermometer"
    ],
    "bird,vertebrate bird": [
        "watch and study birds in their natural habitat"
    ],
    "anemia,tropical anemia": [
        "a deficiency of red blood cells"
    ],
    "baguet,eating baguet": [
        "narrow French stick loaf"
    ],
    "crack,crack drug": [
        "the act of cracking something"
    ],
    "disk,floppy disk": [
        "a flat circular plate"
    ],
    "lumber,lumber craft": [
        "cut lumber, as in woods and forests"
    ],
    "balance,measuring balance": [
        "a weight that balances another weight"
    ],
    "bang,bang blast": [
        "leap, jerk, bang"
    ],
    "delivery,delivery baseball": [
        "(baseball) the act of throwing a baseball by a pitcher to a batter"
    ],
    "cassiopeia,cassiopeia stars": [
        "a W-shaped constellation in the northern hemisphere near Polaris"
    ],
    "drawer,cabinet drawer": [
        "a boxlike container in a piece of furniture; made so as to slide in and out"
    ],
    "coachwhip,coachwhip shrub": [
        "a whipsnake of southern United States and Mexico; tail resembles a braided whip"
    ],
    "gantlet,gantlet armor": [
        "a glove of armored leather; protects the hand"
    ],
    "watch,watch a movie": [
        "look attentively"
    ],
    "beans,edible beans": [
        "any of various seeds or fruits that are beans or resemble beans"
    ],
    "mantle,mantle curtain": [
        "cover like a mantle"
    ],
    "butt,smoking butt": [
        "to strike, thrust or shove against"
    ],
    "cassiopeia,greek cassiopeia": [
        "a W-shaped constellation in the northern hemisphere near Polaris"
    ],
    "ara,chirping ara": [
        "macaws"
    ],
    "clog,foot clog": [
        "dance a clog dance"
    ],
    "viola,viola shrub": [
        "large genus of flowering herbs of temperate regions"
    ],
    "vesta,vesta galaxy": [
        "(Roman mythology) goddess of the hearth and its fire whose flame was tended by vestal virgins; counterpart of Greek Hestia"
    ],
    "storage,computer storage": [
        "(computer science) the process of storing information in a computer memory or on a magnetic tape or disk"
    ],
    "flag,flag banner": [
        "communicate or signal with a flag"
    ],
    "crown,golden crown": [
        "a wreath or garland worn on the head to signify victory"
    ],
    "bag,shopping bag": [
        "put into a bag"
    ],
    "broom,broom heath": [
        "finish with a broom"
    ],
    "floor,floor building": [
        "the inside lower horizontal surface (as of a room, hallway, tent, or other structure)"
    ],
    "dressing,dressing wound": [
        "apply a bandage or medication to"
    ],
    "triton,triton lizard": [
        "tropical marine gastropods having beautifully colored spiral shells"
    ],
    "dory,dory fish": [
        "pike-like freshwater perches"
    ],
    "rice,sticky rice": [
        "sieve so that it becomes the consistency of rice"
    ],
    "alpha,alpha star": [
        "first in order of importance"
    ],
    "teddy,teddy garment": [
        "plaything consisting of a child's toy bear (usually plush and stuffed with soft materials)"
    ],
    "an\u00eds,an\u00eds herb": [
        "an\u00eds herb, commonly referred to as anise, is a flowering plant known for its seeds that have a sweet, licorice-like flavor, used in cooking and herbal medicine."
    ],
    "exhaust,exhaust gas": [
        "gases ejected from an engine as waste products"
    ],
    "tympanum,tympanum instrument": [
        "a large hemispherical brass or copper percussion instrument with a drumhead that can be tuned by adjusting the tension on it"
    ],
    "bomber,military bomber": [
        "a military aircraft that drops bombs during flight"
    ],
    "mike,mike speaker": [
        "device for converting sound waves into electrical energy"
    ],
    "absinthe,fennel absinthe": [
        "aromatic herb of temperate Eurasia and North Africa having a bitter taste used in making the liqueur absinthe"
    ],
    "capsule,capsule seed": [
        "a dry dehiscent seed vessel or the spore-containing structure of e.g. mosses"
    ],
    "butterfly,butterfly stroke": [
        "a swimming stroke in which the arms are thrown forward together out of the water while the feet kick up and down"
    ],
    "alexander,alexander leaves": [
        "European herb somewhat resembling celery widely naturalized in Britain coastal regions and often cultivated as a potherb"
    ],
    "mouse,mouse injury": [
        "person who is quiet or timid"
    ],
    "flageolet,flageolet instrument": [
        "a small fipple flute with four finger holes and two thumb holes"
    ],
    "steamer,sea steamer": [
        "travel by means of steam power"
    ],
    "calamus,calamus plant": [
        "any tropical Asian palm of the genus Calamus; light tough stems are a source of rattan canes"
    ],
    "tail,investigation tail": [
        "a spy employed to follow someone and report their movements"
    ],
    "boxers,fabric boxers": [
        "someone who fights with his fists for sport"
    ],
    "butt,human butt": [
        "to strike, thrust or shove against"
    ],
    "bag,travel bag": [
        "put into a bag"
    ],
    "ear,human ear": [
        "the externally visible cartilaginous structure of the external ear"
    ],
    "bug,arthropod bug": [
        "general term for any insect or similar creeping or crawling invertebrate"
    ],
    "tack,tack pins": [
        "fasten with tacks"
    ],
    "drill,drill tool": [
        "make a hole, especially with a pointed power or hand tool"
    ],
    "grade,scale grade": [
        "a relative position or degree of value in a graded group"
    ],
    "apis,apis stars": [
        "type genus of the Apidae: honeybees"
    ],
    "anemone,anemone tentacles": [
        "marine polyps that resemble flowers but have oral rings of tentacles; differ from corals in forming no hard skeleton"
    ],
    "club,golf club": [
        "golf equipment used by a golfer to hit a golf ball"
    ],
    "bun,domesticated bun": [
        "small rounded bread either plain or sweet"
    ],
    "cheese,cheese food": [
        "wind onto a cheese"
    ],
    "clocks,clocks weed": [
        "a timepiece that shows the time of day"
    ],
    "globe,globe ball": [
        "an object with a spherical shape"
    ],
    "lead,lead show": [
        "preside over"
    ],
    "ceres,ceres divinity": [
        "wrap up in a cerecloth"
    ],
    "castle,chess castle": [
        "a large building formerly occupied by a ruler and fortified against attack"
    ],
    "thresher,agricultural thresher": [
        "a farm machine for separating seeds or grain from the husks and straw"
    ],
    "skin,skin taste": [
        "strip the skin off"
    ],
    "stream,river stream": [
        "dominant course (suggestive of running water) of successive events or ideas"
    ],
    "arm,arm skin": [
        "any projection that is thought to resemble a human arm"
    ],
    "glutton,glutton animal": [
        "musteline mammal of northern Eurasia"
    ],
    "amit,amit god": [
        "Ammit, in ancient Egyptian religion, is a demoness and divine creature with a body that is part lion, hippopotamus, and crocodile, known as the devourer of the dead who consumed the hearts of those deemed unworthy of the afterlife."
    ],
    "force,force in baseball": [
        "take by force"
    ],
    "capsule,cockpit capsule": [
        "a pilot's seat in an airplane that can be forcibly ejected in the case of an emergency; then the pilot descends by parachute"
    ],
    "mars,mars divinity": [
        "make imperfect"
    ],
    "filet,filet knitting": [
        "cut into filets"
    ],
    "an\u00eds,an\u00eds drink": [
        "An\u00eds drink is a sweet, licorice-flavored liqueur made from aniseed, popular in Mediterranean and Latin American cultures, often consumed as a digestive or in mixed drinks."
    ],
    "stool,living room stool": [
        "a plumbing fixture for defecation and urination"
    ],
    "bat,flying bat": [
        "wink briefly"
    ],
    "crossroads,crossroads settlement": [
        "a community of people smaller than a village"
    ],
    "chip,potato chip": [
        "play a chip shot"
    ],
    "coke,coke beverage": [
        "become coke"
    ],
    "aquila,flying aquila": [
        "a genus of Accipitridae"
    ],
    "tender,ship's tender": [
        "given to sympathy or gentleness or sentimentality"
    ],
    "torpedo,torpedo snack": [
        "attack or hit with torpedoes"
    ],
    "field,game field": [
        "play as a fielder"
    ],
    "columba,columba bird": [
        "type genus of the Columbidae: typical pigeons"
    ],
    "flag,paving flag": [
        "flagpole used to mark the position of the hole on a golf green"
    ],
    "anjou,anjou bunch": [
        "a former province of western France in the Loire valley"
    ],
    "cloudy,cloudy sky": [
        "full of or covered with clouds"
    ],
    "beaver,beaver rodent": [
        "the soft brown fur of the beaver"
    ],
    "slug,rifle slug": [
        "a counterfeit coin"
    ],
    "wood,wood log": [
        "the hard fibrous lignified substance under the bark of trees"
    ],
    "grape,edible grape": [
        "any of numerous woody vines of genus Vitis bearing clusters of edible berries"
    ],
    "gem,gem pastry": [
        "a sweet quick bread baked in a cup-shaped pan"
    ],
    "cricket,cricket game": [
        "play cricket"
    ],
    "mantle,mantle shelf": [
        "cover like a mantle"
    ],
    "woodpecker,fledged woodpecker": [
        "bird with strong claws and a stiff tail adapted for climbing and a hard chisel-like bill for boring into wood for insects"
    ],
    "torch,torch battery": [
        "a small portable battery-powered electric lamp"
    ],
    "crane,metal crane": [
        "stretch (the neck) so as to see better"
    ],
    "beaver,beaver hat": [
        "the soft brown fur of the beaver"
    ],
    "speed,street corner speed": [
        "move very fast"
    ],
    "cr\u00eape,cr\u00eape food": [
        "A cr\u00eape is a thin, light pancake of French origin, made from wheat or buckwheat flour, often served with sweet or savory fillings ranging from sugar, fruit, and chocolate to cheese, ham, and eggs."
    ],
    "sink,land sink": [
        "cause to sink"
    ],
    "nan,nan bread": [
        "the mother of your father or mother"
    ],
    "bun,hair bun": [
        "small rounded bread either plain or sweet"
    ],
    "bang,person bang": [
        "move noisily"
    ],
    "sock,foot sock": [
        "hit hard"
    ],
    "bun,flour bun": [
        "small rounded bread either plain or sweet"
    ],
    "crab,crab parasite": [
        "fish for crab"
    ],
    "acropodium,acropodium petals": [
        "Aspalathus petals come from the genus Aspalathus, best known for the Rooibos plant, native to South Africa's fynbos region, and are used primarily for making herbal tea."
    ],
    "calculus,calculus rock": [
        "the branch of mathematics that is concerned with limits and with the differentiation and integration of functions"
    ],
    "gem,gem rock": [
        "a person who is as brilliant and precious as a piece of jewelry"
    ],
    "lepus,lepus beast": [
        "type genus of the Leporidae: hares"
    ],
    "chocolate,hot chocolate": [
        "a beverage made from cocoa powder and milk and sugar; usually drunk hot"
    ],
    "arm,hunting arm": [
        "the part of a garment that is attached at the armhole and that provides a cloth covering for the arm"
    ],
    "mortar,mortar for shooting": [
        "plaster with mortar"
    ],
    "screwdriver,drinkable screwdriver": [
        "a hand tool for driving screws; has a tip that fits into the head of a screw"
    ],
    "flake,snow flake": [
        "cover with flakes or as if with flakes"
    ],
    "crane,crane bird": [
        "large long-necked wading bird of marshes and plains in many parts of the world"
    ],
    "blue,blue cheese": [
        "turn blue"
    ],
    "boxers,ring boxers": [
        "someone who fights with his fists for sport"
    ],
    "dummy,dummy bullets": [
        "make a dummy of"
    ],
    "brittany,brittany region": [
        "a former province of northwestern France on a peninsula between the English Channel and the Bay of Biscay"
    ],
    "tornado,atmospheric tornado": [
        "a localized and violently destructive windstorm occurring over land characterized by a funnel-shaped cloud extending toward the ground"
    ],
    "flight,birds flight": [
        "fly in a flock"
    ],
    "bomber,bomber bread": [
        "a person who plants bombs"
    ],
    "compass,drawing compass": [
        "the limit of capability"
    ],
    "battery,battery shoot": [
        "a collection of related things intended for use together"
    ],
    "tea,tea beverage": [
        "a beverage made by steeping tea leaves in water"
    ],
    "flat,lie down flat": [
        "having lost effervescence"
    ],
    "marsh,marsh grass": [
        "low-lying wet land with grassy vegetation; usually is a transition zone between land and water"
    ],
    "calamus,calamus animal": [
        "the hollow spine of a feather"
    ],
    "stinger,scorpio stinger": [
        "a sharp stinging blow"
    ],
    "gin,gin tool": [
        "trap with a snare"
    ],
    "crow,crow constellation": [
        "utter shrill sounds"
    ],
    "shell,egg shell": [
        "remove from its shell or outer covering"
    ],
    "manakin,winged manakin": [
        "any of numerous small bright-colored birds of Central America and South America having short bills and elaborate courtship behavior"
    ],
    "case,court case": [
        "a comprehensive term for any proceeding in a court of law whereby an individual seeks a legal remedy"
    ],
    "cardamom,cardamom plant": [
        "rhizomatous herb of India having aromatic seeds used as seasoning"
    ],
    "ling,ling herb": [
        "water chestnut whose spiny fruit has two rather than 4 prongs"
    ],
    "sponge,living sponge": [
        "gather sponges, in the ocean"
    ],
    "nail,nail hand": [
        "attach something somewhere by means of nails"
    ],
    "aurora,morning aurora": [
        "the first light of day"
    ],
    "bird,badminton bird": [
        "badminton equipment consisting of a ball of cork or rubber with a crown of feathers"
    ],
    "mew,mew gull": [
        "cry like a cat"
    ],
    "lid,lid hat": [
        "headdress that protects the head from bad weather; has shaped crown and usually a brim"
    ],
    "draco,draco lizard": [
        "a reptile genus known as flying dragons or flying lizards"
    ],
    "lumber,lumber stacking up": [
        "cut lumber, as in woods and forests"
    ],
    "torpedo,sea torpedo": [
        "attack or hit with torpedoes"
    ],
    "canvas,data canvas": [
        "an oil painting on canvas fabric"
    ],
    "lift,lift raising": [
        "move upwards"
    ],
    "ara,sky ara": [
        "a constellation in the southern hemisphere near Telescopium and Norma"
    ],
    "anapurna,anapurna goddess": [
        "wife of Siva and a benevolent aspect of Devi: Hindu goddess of plenty"
    ],
    "dandy,dandy marine": [
        "a man who is much concerned with his dress and appearance"
    ],
    "bass,string bass": [
        "having or denoting a low vocal or instrumental range"
    ],
    "fringe,fringe hair": [
        "decorate with or as if with a surrounding fringe"
    ],
    "apis,honey apis": [
        "type genus of the Apidae: honeybees"
    ],
    "mate,mate in chess": [
        "the partner of an animal (especially a sexual partner)"
    ],
    "muller,muller grinder": [
        "a vessel in which wine is mulled"
    ],
    "bay,bay shore": [
        "an indentation of a shoreline larger than a cove but smaller than a gulf"
    ],
    "ceres,space ceres": [
        "wrap up in a cerecloth"
    ],
    "coachwhip,coachwhip snake": [
        "a whipsnake of southern United States and Mexico; tail resembles a braided whip"
    ],
    "bug,surveillance bug": [
        "tap a telephone or telegraph wire to get information"
    ],
    "bluebottle,bluebottle siphonophore": [
        "blowfly with iridescent blue body; makes a loud buzzing noise in flight"
    ],
    "crop,cattle crop": [
        "yield crops"
    ],
    "boat,travel boat": [
        "ride in a boat on water"
    ],
    "flag,flag flower": [
        "flagpole used to mark the position of the hole on a golf green"
    ],
    "acropodium,acropodium bust": [
        "Acropodium refers to the top or summit of a pedestal or column in architecture, often designed to support a statue or other ornament."
    ],
    "mole,shore mole": [
        "small velvety-furred burrowing mammal having small eyes and fossorial forefeet"
    ],
    "flat,building flat": [
        "having a surface without slope, tilt in which no part is higher or lower than another"
    ],
    "tail,animal tail": [
        "remove or shorten the tail of an animal"
    ],
    "bighorn,bighorn river": [
        "a river that flows from central Wyoming to the Yellowstone River in southern Montana"
    ],
    "cat,cat feline": [
        "beat with a cat-o'-nine-tails"
    ],
    "chuck,meat chuck": [
        "throw carelessly"
    ],
    "crease,sharp crease": [
        "scrape gently"
    ],
    "cutter,stone cutter": [
        "someone whose work is cutting (as e.g. cutting cloth for garments)"
    ],
    "gin,gin digestive": [
        "trap with a snare"
    ],
    "earthnut,crunchy earthnut": [
        "pod of the peanut vine containing usually 2 nuts or seeds; `groundnut' and `monkey nut' are British terms"
    ],
    "embroidery,fabric embroidery": [
        "decorative needlework"
    ],
    "spring,matress spring": [
        "spring back; spring away from an impact"
    ],
    "broom,broom stick": [
        "finish with a broom"
    ],
    "scene,child scene": [
        "a situation treated as an observable object"
    ],
    "dip,swim dip": [
        "dip into a liquid"
    ],
    "rubber,school rubber": [
        "coat or impregnate with rubber"
    ],
    "fringe,fringe dress": [
        "decorate with or as if with a surrounding fringe"
    ],
    "track,train track": [
        "(computer science) one of the circular magnetic paths on a magnetic disk that serve as a guide for writing and reading data"
    ],
    "bluebottle,bluebottle flower": [
        "blowfly with iridescent blue body; makes a loud buzzing noise in flight"
    ],
    "lid,lid eye": [
        "either of two folds of skin that can be moved to cover or open the eye"
    ],
    "chest,chest furniture": [
        "furniture with drawers for keeping clothes"
    ],
    "cricket,cricket insect": [
        "play cricket"
    ],
    "circle,circle shape": [
        "travel around something"
    ],
    "milk,glass of milk": [
        "add milk to"
    ],
    "dip,dip appetizer": [
        "immerse in a disinfectant solution"
    ],
    "chamois,quadruped chamois": [
        "a soft suede leather formerly from the skin of the chamois antelope but now from sheepskin"
    ],
    "cannabis,cannabis drug": [
        "the most commonly used illicit drug; considered a soft drug, it consists of the dried leaves of the hemp plant; smoked or chewed for euphoric effect"
    ],
    "crossroads,crossroads cars": [
        "a junction where one street or road crosses another"
    ],
    "clocks,time clocks": [
        "a timepiece that shows the time of day"
    ],
    "columba,columba stars": [
        "a constellation in the southern hemisphere near Puppis and Caelum"
    ],
    "diamond,diamond field": [
        "the baseball playing field"
    ]
}