{
    "goal,football goal": [
        "a successful attempt at scoring",
        "the winning goal came with less than a minute left to play"
    ],
    "mustard,mustard seed": [
        "pungent powder or paste prepared from ground mustard seeds"
    ],
    "seat,eating seat": [
        "place in or on a seat",
        "the mother seated the toddler on the high chair"
    ],
    "navigate,navigate the web": [
        "direct carefully and safely",
        "He navigated his way to the altar"
    ],
    "butterball,butterball person": [
        "a rotund individual"
    ],
    "neptune,neptune statue": [
        "(Roman mythology) god of the sea; counterpart of Greek Poseidon"
    ],
    "tympanum,ear tympanum": [
        "the main cavity of the ear; between the eardrum and the inner ear"
    ],
    "thymus,wild thymus": [
        "large genus of Old World mints: thyme"
    ],
    "tender,tender embrace": [
        "given to sympathy or gentleness or sentimentality",
        "a tender heart",
        "a tender smile",
        "tender loving care",
        "tender memories",
        "a tender mother"
    ],
    "mill,mill grinding": [
        "grind with a mill",
        "mill grain"
    ],
    "trumpeter,winged trumpeter": [
        "a musician who plays the trumpet or cornet"
    ],
    "dory,rowing dory": [
        "a small boat of shallow draft with cross thwarts for seats and rowlocks for oars with which it is propelled"
    ],
    "formica,formica insect": [
        "type genus of the Formicidae"
    ],
    "appendix,trotting appendix": [
        "supplementary material that is collected and appended at the back of a book"
    ],
    "alluvion,water alluvion": [
        "the rising of a body of water and its overflowing onto normally dry land",
        "plains fertilized by annual inundations"
    ],
    "asm,asm launch": [
        "An ASM launch is a strategic rollout of a product or service utilizing an Affiliate Sales Machine model to drive sales through incentivized affiliates."
    ],
    "cimarron,furry cimarron": [
        "wild sheep of mountainous regions of western North America having massive curled horns"
    ],
    "metal,metal steel": [
        "cover with metal"
    ],
    "sub,edible sub": [
        "be a substitute",
        "The young teacher had to substitute for the sick colleague",
        "The skim milk substitutes for cream--we are on a strict diet"
    ],
    "web,natural web": [
        "computer network consisting of a collection of internet sites that offer text and graphics and sound and animation resources through the hypertext transfer protocol"
    ],
    "glass,reflecting glass": [
        "furnish with glass",
        "glass the windows"
    ],
    "cardamom,cardamom seed": [
        "aromatic seeds used as seasoning like cinnamon and cloves especially in pickles and barbecue sauces"
    ],
    "drill,drill training": [
        "undergo military training or do military exercises"
    ],
    "anemia,medical anemia": [
        "a deficiency of red blood cells"
    ],
    "anapurna,anapurna peak": [
        "wife of Siva and a benevolent aspect of Devi: Hindu goddess of plenty"
    ],
    "mescal,mescal distilled": [
        "a colorless Mexican liquor distilled from fermented juices of certain desert plants of the genus Agavaceae (especially the century plant)"
    ],
    "butterfly,flying butterfly": [
        "flutter like a butterfly"
    ],
    "ling,ling fish": [
        "water chestnut whose spiny fruit has two rather than 4 prongs"
    ],
    "bag,personal bag": [
        "a portable rectangular container for carrying clothes",
        "he carried his small bag onto the plane with him"
    ],
    "tea,tea herb": [
        "a beverage made by steeping tea leaves in water",
        "iced tea is a cooling drink"
    ],
    "lift,lift surgery": [
        "perform cosmetic surgery on someone's face"
    ],
    "neck,neck human": [
        "a narrow part of an artifact that resembles a neck in position or form",
        "the banjo had a long neck",
        "the bottle had a wide neck"
    ],
    "mercury,planet mercury": [
        "the smallest planet and the nearest to the sun"
    ],
    "gin,gin cards": [
        "trap with a snare",
        "gin game"
    ],
    "seat,cyclist seat": [
        "show to a seat; assign a seat for",
        "The host seated me next to Mrs. Smith"
    ],
    "retard,retard manoeuver": [
        "be delayed"
    ],
    "terry,terry fabric": [
        "a pile fabric (usually cotton) with uncut loops on both sides; used to make bath towels and bath robes"
    ],
    "tack,sailing tack": [
        "fasten with tacks",
        "tack the notice on the board"
    ],
    "mew,mew sound": [
        "cry like a cat",
        "the cat meowed"
    ],
    "flag,golf flag": [
        "flagpole used to mark the position of the hole on a golf green"
    ],
    "nan,nan river": [
        "a river of western Thailand flowing southward to join the Ping River to form the Chao Phraya"
    ],
    "globe,earth globe": [
        "a sphere on which a map (especially of the earth) is represented"
    ],
    "mimosa,mimosa beverage": [
        "a mixed drink containing champagne and orange juice"
    ],
    "mercury,liquid mercury": [
        "temperature measured by a mercury thermometer",
        "the mercury was falling rapidly"
    ],
    "thresher,thresher fish": [
        "large pelagic shark of warm seas with a whiplike tail used to round up small fish on which to feed"
    ],
    "congo,congo tea": [
        "black tea grown in China"
    ],
    "cancer,cancer constellation": [
        "(astrology) a person who is born while the sun is in Cancer"
    ],
    "ecstasy,ecstasy feeling": [
        "a state of being carried away by overwhelming emotion; - Charles Dickens",
        "listening to sweet music in a perfect rapture"
    ],
    "cygnus,cygnus galaxy": [
        "a constellation in the northern hemisphere between Pegasus and Draco in the Milky Way; contains a black hole"
    ],
    "blackcap,blackcap gull": [
        "small black-headed European gull"
    ],
    "frame,frame bones": [
        "enclose in or as if in a frame",
        "frame a picture"
    ],
    "ear,ear wheat": [
        "good hearing",
        "he had a keen ear",
        "a good ear for pitch"
    ],
    "capsule,pill capsule": [
        "a small container"
    ],
    "cannabis,cannabis plant": [
        "any plant of the genus Cannabis; a coarse bushy annual with palmate leaves and clusters of small green flowers; yields tough fibers and narcotic drugs"
    ],
    "cat,cat ray": [
        "a whip with nine knotted cords",
        "British sailors feared the cat"
    ],
    "expression,expression maths": [
        "a group of symbols that make a mathematical statement"
    ],
    "flip,gymnastic flip": [
        "the act of flipping a coin"
    ],
    "try,legal try": [
        "put on trial or hear a case and sit as the judge at the trial of",
        "The football star was tried for the murder of his wife",
        "The judge tried both father and son in separate trials"
    ],
    "blue,blue mood": [
        "turn blue"
    ],
    "disk,music disk": [
        "(computer science) a memory device consisting of a flat disk covered with a magnetic coating on which information is stored"
    ],
    "bay,trotting bay": [
        "bark with prolonged noises, of dogs"
    ],
    "storage,storage depot": [
        "a depository for goods",
        "storehouses were built close to the docks"
    ],
    "tortoiseshell,tortoiseshell pet": [
        "the mottled horny substance of the shell of some turtles"
    ],
    "saki,saki beverage": [
        "Japanese alcoholic beverage made from fermented rice; usually served hot"
    ],
    "crane,crane stars": [
        "stretch (the neck) so as to see better",
        "The women craned their necks to see the President drive by"
    ],
    "work,study work": [
        "prepare for crops",
        "Work the soil",
        "cultivate the land"
    ],
    "amit,amit game": [
        "An Amit game refers to a game or activity designed to challenge, entertain, or educate, often personalized or associated with individuals named Amit."
    ],
    "wood,wood barrel": [
        "the hard fibrous lignified substance under the bark of trees"
    ],
    "bug,programming bug": [
        "a fault or defect in a computer program, system, or machine"
    ],
    "beam,light beam": [
        "a column of light (as from a beacon)"
    ],
    "track,olympics track": [
        "the act of participating in an athletic competition involving running on a track"
    ],
    "castle,building castle": [
        "a large building formerly occupied by a ruler and fortified against attack"
    ],
    "mastic,log mastic": [
        "an aromatic exudate from the mastic tree; used chiefly in varnishes"
    ],
    "film,film plastic": [
        "a thin sheet of (usually plastic and usually transparent) material used to wrap or cover things"
    ],
    "wind,wind instrument": [
        "coil the spring of (some mechanical device) by turning a stem",
        "wind your watch"
    ],
    "terrace,agricultural terrace": [
        "make into terraces as for cultivation",
        "The Incas terraced their mountainous land"
    ],
    "gantlet,gantlet abuse": [
        "to offer or accept a challenge",
        "threw down the gauntlet",
        "took up the gauntlet"
    ],
    "blush,blush drink": [
        "turn red, as if in embarrassment or shame",
        "The girl blushed when a young man whistled as she walked by"
    ],
    "crow,crow biped": [
        "utter shrill sounds",
        "The cocks crowed all morning"
    ],
    "metal,metal music": [
        "cover with metal"
    ],
    "basin,sink basin": [
        "the quantity that a basin will hold",
        "a basinful of water"
    ],
    "glutton,glutton hungry": [
        "a person who is devoted to eating and drinking to excess"
    ],
    "mousse,barber mousse": [
        "a rich, frothy, creamy dessert made with whipped egg whites and heavy cream"
    ],
    "cinnabar,cinnabar bug": [
        "of a vivid red to reddish-orange color"
    ],
    "argonaut,argonaut shell": [
        "(Greek mythology) one of the heroes who sailed with Jason in search of the Golden Fleece"
    ],
    "madeira,madeira river": [
        "a Brazilian river; tributary of the Amazon River"
    ],
    "butterball,lake butterball": [
        "small North American diving duck; males have bushy head plumage"
    ],
    "mortar,construction mortar": [
        "plaster with mortar",
        "mortar the wall"
    ],
    "trumpeter,music trumpeter": [
        "a musician who plays the trumpet or cornet"
    ],
    "thymus,human thymus": [
        "a ductless glandular organ at the base of the neck that produces lymphocytes and aids in producing immunity; atrophies with age"
    ],
    "madeira,madeira wine": [
        "an amber dessert wine from the Madeira Islands"
    ],
    "caper,caper show": [
        "a playful leap or hop"
    ],
    "abs,body abs": [
        "the muscles of the abdomen"
    ],
    "watch,time watch": [
        "look attentively",
        "watch a basketball game"
    ],
    "arch,finger arch": [
        "expert in skulduggery",
        "an arch criminal"
    ],
    "beetle,beetle hammer": [
        "jutting or overhanging",
        "beetle brows"
    ],
    "treat,edible treat": [
        "something considered choice to eat"
    ],
    "bass,freshwater bass": [
        "having or denoting a low vocal or instrumental range",
        "a deep voice",
        "a bass voice is lower than a baritone voice",
        "a bass clarinet"
    ],
    "nail,metal nail": [
        "attach something somewhere by means of nails",
        "nail the board onto the wall"
    ],
    "blackcap,blackcap berry": [
        "raspberry native to eastern North America having black thimble-shaped fruit"
    ],
    "wellington,wellington city": [
        "(19th century) a man's high tasseled boot"
    ],
    "steamer,kitchen steamer": [
        "a cooking utensil that can be used to cook food by steaming it"
    ],
    "blush,powder blush": [
        "turn red, as if in embarrassment or shame",
        "The girl blushed when a young man whistled as she walked by"
    ],
    "bighorn,bighorn mammal": [
        "wild sheep of mountainous regions of western North America having massive curled horns"
    ],
    "anemone,anemone flowers": [
        "any woodland plant of the genus Anemone grown for its beautiful flowers and whorls of dissected leaves"
    ],
    "supporter,cloth supporter": [
        "a person who backs a politician or a team etc.",
        "all their supporters came out for the game",
        "they are friends of the library"
    ],
    "flat,flat cargo": [
        "freight car without permanent sides or roof"
    ],
    "cancer,cancer illness": [
        "any malignant growth or tumor caused by abnormal and uncontrolled cell division; it may spread to other parts of the body through the lymphatic system or the blood stream"
    ],
    "tender,railway tender": [
        "car attached to a locomotive to carry fuel and water"
    ],
    "match,match competition": [
        "the score needed to win a match"
    ],
    "bang,sexual bang": [
        "move noisily",
        "The window banged shut",
        "The old man banged around the house"
    ],
    "frame,frame of a painting": [
        "enclose in or as if in a frame",
        "frame a picture"
    ],
    "neptune,milky way neptune": [
        "a giant planet with a ring of ice particles; the 8th planet from the sun is the most remote of the gas giants",
        "the existence of Neptune was predicted from perturbations in the orbit of Uranus and it was then identified in 1846"
    ],
    "stump,log stump": [
        "remove tree stumps from",
        "stump a field"
    ],
    "alpacca,metal alpacca": [
        "Metal alpacca, also known as nickel silver, is a non-precious alloy combining nickel, copper, and zinc, known for its silver-like appearance and used in jewelry, musical instruments, and tableware."
    ],
    "calculus,calculus specialization": [
        "the branch of mathematics that is concerned with limits and with the differentiation and integration of functions"
    ],
    "aurora,nordic aurora": [
        "(Roman mythology) goddess of the dawn; counterpart of Greek Eos"
    ],
    "paper,news paper": [
        "cover with wallpaper"
    ],
    "lot,parking lot": [
        "divide into lots, as of land, for example"
    ],
    "chocolate,chocolate chunk": [
        "a food made from roasted ground cacao beans"
    ],
    "mole,animal mole": [
        "a small congenital pigmented spot on the skin"
    ],
    "screwdriver,nail screwdriver": [
        "a hand tool for driving screws; has a tip that fits into the head of a screw"
    ],
    "sling,sling heels": [
        "move with a sling",
        "sling the cargo onto the ship"
    ],
    "arctic,arctic boots": [
        "a waterproof overshoe that protects shoes from water or snow"
    ],
    "mustard,mustard nourishment": [
        "pungent powder or paste prepared from ground mustard seeds"
    ],
    "manhattan,manhattan cocktail": [
        "a cocktail made with whiskey and sweet vermouth with a dash of bitters"
    ],
    "uranus,planet uranus": [
        "a giant planet with a ring of ice particles; the 7th planet from the sun has a blue-green color and many satellites",
        "Uranus was discovered by William Herschel in 1781"
    ],
    "track,tank track": [
        "observe or plot the moving path of something",
        "track a missile"
    ],
    "boa,boa constrictor": [
        "any of several chiefly tropical constrictors with vestigial hind limbs"
    ],
    "torch,wild torch": [
        "burn maliciously, as by arson",
        "The madman torched the barns"
    ],
    "liquorice,candy liquorice": [
        "a black candy flavored with the dried root of the licorice plant"
    ],
    "diamond,shiny diamond": [
        "a playing card in the minor suit that has one or more red rhombuses on it",
        "he led a small diamond",
        "diamonds were trumps"
    ],
    "bannister,stair bannister": [
        "a railing at the side of a staircase or balcony to prevent people from falling"
    ],
    "stinger,stinger liquor": [
        "a sharp stinging blow"
    ],
    "mole,human mole": [
        "the molecular weight of a substance expressed in grams; the basic unit of amount of substance adopted under the Systeme International d'Unites"
    ],
    "mole,meal mole": [
        "the molecular weight of a substance expressed in grams; the basic unit of amount of substance adopted under the Systeme International d'Unites"
    ],
    "stream,rainy stream": [
        "flow freely and abundantly",
        "Tears streamed down her face"
    ],
    "flageolet,flageolet legumes": [
        "a French bean variety with light-colored seeds; usually dried"
    ],
    "circle,traffic circle": [
        "travel around something",
        "circle the globe"
    ],
    "shot,ammunition shot": [
        "kill by firing a missile"
    ],
    "cinnabar,cinnabar mineral": [
        "a heavy reddish mineral consisting of mercuric sulfide; the chief source of mercury"
    ],
    "bay,bay sound": [
        "the sound of a hound on the scent"
    ],
    "formica,formica laminate": [
        "type genus of the Formicidae"
    ],
    "mate,mate tea": [
        "South American tea-like drink made from leaves of a South American holly called mate"
    ],
    "neck,bottle neck": [
        "a narrow part of an artifact that resembles a neck in position or form",
        "the banjo had a long neck",
        "the bottle had a wide neck"
    ],
    "sock,direction sock": [
        "hit hard"
    ],
    "cancer,sea cancer": [
        "any malignant growth or tumor caused by abnormal and uncontrolled cell division; it may spread to other parts of the body through the lymphatic system or the blood stream"
    ],
    "navigate,navigate the sea": [
        "direct carefully and safely",
        "He navigated his way to the altar"
    ],
    "blossom,spring blossom": [
        "produce or yield flowers",
        "The cherry tree bloomed"
    ],
    "capsule,space capsule": [
        "a spacecraft designed to transport people and support human life in outer space"
    ],
    "shot,vaccine shot": [
        "kill by firing a missile"
    ],
    "voyage,sea voyage": [
        "an act of traveling by water"
    ],
    "lug,lug worm": [
        "carry with difficulty",
        "You'll have to lug this suitcase"
    ],
    "sink,restroom sink": [
        "cause to sink",
        "The Japanese sank American ships in Pearl Harbor"
    ],
    "thaw,thaw relax": [
        "warm weather following a freeze; snow and ice melt",
        "they welcomed the spring thaw"
    ],
    "dummy,dummy for baby": [
        "make a dummy of",
        "dummy up the books that are to be published"
    ],
    "chamaeleon,chamaeleon reptile": [
        "lizard of Africa and Madagascar able to change skin color and having a projectile tongue"
    ],
    "chamaeleon,chamaeleon constellation": [
        "a faint constellation in the polar region of the southern hemisphere near Apus and Mensa"
    ],
    "buck,log buck": [
        "resist",
        "buck the trend"
    ],
    "lumber,lumber club": [
        "cut lumber, as in woods and forests"
    ],
    "treat,medical treat": [
        "provide treatment for",
        "The doctor treated my broken leg",
        "The nurses cared for the bomb victims",
        "The patient must be treated right away or she will die",
        "Treat the infection with antibiotics"
    ],
    "chest,body chest": [
        "the part of the human torso between the neck and the diaphragm or the corresponding part in other vertebrates"
    ],
    "gold,gold metal": [
        "coins made of gold"
    ],
    "mouse,computer mouse": [
        "manipulate the mouse of a computer"
    ],
    "cancer,zodiac cancer": [
        "(astrology) a person who is born while the sun is in Cancer"
    ],
    "doodlebug,doodlebug insect": [
        "the larva of any of several insects"
    ],
    "adam,adam pills": [
        "(Old Testament) in Judeo-Christian mythology; the first man and the husband of Eve and the progenitor of the human race"
    ],
    "field,arable field": [
        "play as a fielder"
    ],
    "alpacca,herbivore alpacca": [
        "a herbivore alpaca is a domesticated species of South American camelid, known for its soft fleece and exclusively herbivorous diet, primarily grazing on grasses."
    ],
    "aquila,aquila constellation": [
        "a constellation in the Milky Way near Cygnus; contains the star Altair"
    ],
    "abode,living abode": [
        "any address at which you dwell more than temporarily",
        "a person can have several residences"
    ],
    "stump,podium stump": [
        "remove tree stumps from",
        "stump a field"
    ],
    "brittany,brittany breed": [
        "a former province of northwestern France on a peninsula between the English Channel and the Bay of Biscay"
    ],
    "brace,elastic brace": [
        "support by bracing"
    ],
    "drill,drill mammal": [
        "make a hole, especially with a pointed power or hand tool",
        "don't drill here, there's a gas pipe",
        "drill a hole into the wall",
        "drill for oil",
        "carpenter bees are boring holes into the wall"
    ],
    "lead,lead metallic": [
        "mixture of graphite with clay in different degrees of hardness; the marking substance in a pencil"
    ],
    "boat,sauce boat": [
        "ride in a boat on water"
    ],
    "folder,computer folder": [
        "covering that is folded over to protect the contents"
    ],
    "check,chess check": [
        "verify by consulting a source or authority",
        "check the spelling of this word",
        "check your facts"
    ],
    "viola,viola music": [
        "a bowed stringed instrument slightly larger than a violin, tuned a fifth lower"
    ],
    "club,police club": [
        "a formal association of people with similar interests",
        "he joined a golf club",
        "they formed a small lunch society",
        "men from the fraternal order will staff the soup kitchen today"
    ],
    "match,burning match": [
        "a burning piece of wood or cardboard",
        "if you drop a match in there the whole place will explode"
    ],
    "mousse,mousse sweet": [
        "a rich, frothy, creamy dessert made with whipped egg whites and heavy cream"
    ],
    "folder,folder for papers": [
        "covering that is folded over to protect the contents"
    ],
    "basin,lake basin": [
        "a natural depression in the surface of the land often with a lake at the bottom of it",
        "the basin of the Great Salt Lake"
    ],
    "wellington,wellington shoe": [
        "(19th century) a man's high tasseled boot"
    ],
    "argonaut,argonaut myth": [
        "(Greek mythology) one of the heroes who sailed with Jason in search of the Golden Fleece"
    ],
    "absinthe,absinthe liqueur": [
        "aromatic herb of temperate Eurasia and North Africa having a bitter taste used in making the liqueur absinthe"
    ],
    "filet,edible filet": [
        "cut into filets",
        "filet the fish"
    ],
    "compass,orientation compass": [
        "the limit of capability",
        "within the compass of education"
    ],
    "teddy,teddy toy": [
        "plaything consisting of a child's toy bear (usually plush and stuffed with soft materials)"
    ],
    "club,music club": [
        "a spot that is open late at night and that provides entertainment (as singers or dancers) as well as dancing and food and drink",
        "don't expect a good meal at a cabaret",
        "the gossip columnist got his information by visiting nightclubs every night",
        "he played the drums at a jazz club"
    ],
    "manhattan,manhattan city": [
        "one of the five boroughs of New York City"
    ],
    "try,try taste": [
        "take a sample of",
        "Try these new crackers",
        "Sample the regional dishes"
    ],
    "bag,bovid bag": [
        "put into a bag",
        "The supermarket clerk bagged the groceries"
    ],
    "battery,power battery": [
        "a series of stamps operated in one mortar for crushing ores"
    ],
    "voyage,flight voyage": [
        "an act of traveling by water"
    ],
    "sub,navy sub": [
        "a submersible warship usually armed with torpedoes"
    ],
    "fencing,fencing yard": [
        "fight with fencing swords"
    ],
    "disk,disk land": [
        "a flat circular plate"
    ],
    "mimosa,mimosa flowers": [
        "any of various tropical shrubs or trees of the genus Mimosa having usually yellow flowers and compound leaves"
    ],
    "liquorice,liquorice plant": [
        "a black candy flavored with the dried root of the licorice plant"
    ],
    "chip,gambling chip": [
        "play a chip shot"
    ],
    "twine,rope twine": [
        "make by twisting together or intertwining",
        "twine a rope"
    ],
    "fencing,olympic fencing": [
        "fight with fencing swords"
    ],
    "chest,chest box": [
        "box with a lid; used for storage; usually large and sturdy"
    ],
    "case,trolley case": [
        "a specific state of mind that is temporary",
        "a case of the jitters"
    ],
    "topi,topi animal": [
        "a lightweight hat worn in tropical countries for protection from the sun"
    ],
    "delivery,delivery package": [
        "the act of delivering a child"
    ],
    "dressing,dressing compost": [
        "put a dressing on",
        "dress the salads"
    ],
    "wood,forest wood": [
        "the trees and other plants in a large densely wooded area"
    ],
    "milk,milk river": [
        "add milk to",
        "milk the tea"
    ],
    "sty,sty inflammation": [
        "a pen for swine"
    ],
    "manakin,manakin store": [
        "a woman who wears clothes to display fashions",
        "she was too fat to be a mannequin"
    ],
    "coke,coke powder": [
        "become coke",
        "petroleum oils coke after distillation"
    ],
    "fortification,fortification stronghold": [
        "defensive structure consisting of walls or mounds built around a stronghold to strengthen it"
    ],
    "saki,saki mammal": [
        "small arboreal monkey of tropical South America with long hair and bushy nonprehensile tail"
    ],
    "flyover,flyover air force": [
        "a flight at a low altitude (usually of military aircraft) over spectators on the ground"
    ],
    "caper,caper plant": [
        "pickled flower buds used as a pungent relish in various dishes and sauces"
    ],
    "beam,long beam": [
        "the broad side of a ship",
        "they sighted land on the port beam"
    ],
    "subway,subway transport": [
        "an electric railway operating below the surface of the ground (usually in a city)",
        "in Paris the subway system is called the `metro' and in London it is called the `tube' or the `underground'"
    ],
    "slug,slug snail": [
        "any of various terrestrial gastropods having an elongated slimy body and no external shell"
    ],
    "bat,cricket bat": [
        "strike with, or as if with a baseball bat",
        "bat the ball"
    ],
    "card,greeting card": [
        "thin cardboard, usually rectangular"
    ],
    "aurora,mythological aurora": [
        "an atmospheric phenomenon consisting of bands of light caused by charged solar particles following the earth's magnetic lines of force"
    ],
    "mars,planet mars": [
        "make imperfect",
        "nothing marred her beauty"
    ],
    "cimarron,cimarron flow": [
        "wild sheep of mountainous regions of western North America having massive curled horns"
    ],
    "dike,dike water": [
        "enclose with a dike",
        "dike the land to protect it from water"
    ],
    "topi,topi hat": [
        "a lightweight hat worn in tropical countries for protection from the sun"
    ],
    "case,glass case": [
        "the housing or outer covering of something",
        "the clock has a walnut case"
    ],
    "flyover,flyover with cars": [
        "a flight at a low altitude (usually of military aircraft) over spectators on the ground"
    ],
    "ace,enzyme ace": [
        "proteolytic enzyme that converts angiotensin I into angiotensin II"
    ],
    "dip,gym dip": [
        "dip into a liquid",
        "He dipped into the pool"
    ],
    "bat,game bat": [
        "strike with, or as if with a baseball bat",
        "bat the ball"
    ],
    "mescal,mescal plant": [
        "a colorless Mexican liquor distilled from fermented juices of certain desert plants of the genus Agavaceae (especially the century plant)"
    ],
    "vesta,divine vesta": [
        "(Roman mythology) goddess of the hearth and its fire whose flame was tended by vestal virgins; counterpart of Greek Hestia"
    ],
    "flip,flip a coin": [
        "the act of flipping a coin"
    ],
    "chamois,suede chamois": [
        "a soft suede leather formerly from the skin of the chamois antelope but now from sheepskin"
    ],
    "doodlebug,doodlebug plane": [
        "a small motor vehicle"
    ],
    "arctic,arctic map": [
        "extremely cold",
        "an arctic climate",
        "a frigid day",
        "gelid waters of the North Atlantic",
        "glacial winds",
        "icy hands",
        "polar weather"
    ],
    "smoking,smoking steam": [
        "emitting smoke in great volume",
        "a smoking fireplace"
    ],
    "arbor,leafy arbor": [
        "tree (as opposed to shrub)"
    ],
    "bay,bay leaves": [
        "small Mediterranean evergreen tree with small blackish berries and glossy aromatic leaves used for flavoring in cooking; also used by ancient Greeks to crown victors"
    ],
    "boa,boa scarf": [
        "any of several chiefly tropical constrictors with vestigial hind limbs"
    ],
    "sin,calculation sin": [
        "violent and excited activity",
        "they began to fight like sin"
    ],
    "spread,spread knife": [
        "cover by spreading something over",
        "spread the bread with cheese"
    ],
    "cutter,cutter sea": [
        "a boat for communication between ship and shore"
    ],
    "lupus,lupus illness": [
        "any of several forms of ulcerative skin disease"
    ],
    "dandy,dandy appearance": [
        "a man who is much concerned with his dress and appearance"
    ],
    "column,architecture column": [
        "a page or text that is vertically divided",
        "the newspaper devoted several columns to the subject",
        "the bookkeeper used pages that were divided into columns"
    ],
    "bluebottle,blow bluebottle": [
        "blowfly with iridescent blue body; makes a loud buzzing noise in flight"
    ],
    "triton,god triton": [
        "the largest moon of Neptune"
    ],
    "sty,crowded sty": [
        "a pen for swine"
    ],
    "transport,recorder transport": [
        "transport commercially"
    ],
    "earthnut,earthnut tuber": [
        "pod of the peanut vine containing usually 2 nuts or seeds; `groundnut' and `monkey nut' are British terms"
    ],
    "ecstasy,ecstasy drug": [
        "a state of being carried away by overwhelming emotion; - Charles Dickens",
        "listening to sweet music in a perfect rapture"
    ],
    "beans,pill beans": [
        "any of various seeds or fruits that are beans or resemble beans"
    ],
    "graph,graph visualization": [
        "plot upon a graph"
    ],
    "cygnus,fledged cygnus": [
        "a genus of Anatidae"
    ],
    "canvas,vessel canvas": [
        "a tent made of canvas fabric"
    ],
    "arbor,metal arbor": [
        "tree (as opposed to shrub)"
    ],
    "aurora,aurora tale": [
        "(Roman mythology) goddess of the dawn; counterpart of Greek Eos"
    ],
    "mercury,mercury statue": [
        "temperature measured by a mercury thermometer",
        "the mercury was falling rapidly"
    ],
    "bird,vertebrate bird": [
        "watch and study birds in their natural habitat"
    ],
    "anemia,tropical anemia": [
        "a deficiency of red blood cells"
    ],
    "baguet,eating baguet": [
        "narrow French stick loaf"
    ],
    "crack,crack drug": [
        "the act of cracking something"
    ],
    "disk,floppy disk": [
        "a flat circular plate"
    ],
    "lumber,lumber craft": [
        "cut lumber, as in woods and forests"
    ],
    "balance,measuring balance": [
        "a weight that balances another weight"
    ],
    "bang,bang blast": [
        "leap, jerk, bang",
        "Bullets spanged into the trees"
    ],
    "delivery,delivery baseball": [
        "(baseball) the act of throwing a baseball by a pitcher to a batter"
    ],
    "cassiopeia,cassiopeia stars": [
        "a W-shaped constellation in the northern hemisphere near Polaris"
    ],
    "drawer,cabinet drawer": [
        "a boxlike container in a piece of furniture; made so as to slide in and out"
    ],
    "coachwhip,coachwhip shrub": [
        "a whipsnake of southern United States and Mexico; tail resembles a braided whip"
    ],
    "gantlet,gantlet armor": [
        "a glove of armored leather; protects the hand"
    ],
    "watch,watch a movie": [
        "look attentively",
        "watch a basketball game"
    ],
    "beans,edible beans": [
        "any of various seeds or fruits that are beans or resemble beans"
    ],
    "mantle,mantle curtain": [
        "cover like a mantle",
        "The ivy mantles the building"
    ],
    "butt,smoking butt": [
        "to strike, thrust or shove against",
        "He butted his sister out of the way",
        "The goat butted the hiker with his horns"
    ],
    "cassiopeia,greek cassiopeia": [
        "a W-shaped constellation in the northern hemisphere near Polaris"
    ],
    "ara,chirping ara": [
        "macaws"
    ],
    "clog,foot clog": [
        "dance a clog dance"
    ],
    "viola,viola shrub": [
        "large genus of flowering herbs of temperate regions"
    ],
    "vesta,vesta galaxy": [
        "(Roman mythology) goddess of the hearth and its fire whose flame was tended by vestal virgins; counterpart of Greek Hestia"
    ],
    "storage,computer storage": [
        "(computer science) the process of storing information in a computer memory or on a magnetic tape or disk"
    ],
    "flag,flag banner": [
        "communicate or signal with a flag"
    ],
    "crown,golden crown": [
        "a wreath or garland worn on the head to signify victory"
    ],
    "bag,shopping bag": [
        "put into a bag",
        "The supermarket clerk bagged the groceries"
    ],
    "broom,broom heath": [
        "finish with a broom"
    ],
    "floor,floor building": [
        "the inside lower horizontal surface (as of a room, hallway, tent, or other structure)",
        "they needed rugs to cover the bare floors",
        "we spread our sleeping bags on the dry floor of the tent"
    ],
    "dressing,dressing wound": [
        "apply a bandage or medication to",
        "dress the victim's wounds"
    ],
    "triton,triton lizard": [
        "tropical marine gastropods having beautifully colored spiral shells"
    ],
    "dory,dory fish": [
        "pike-like freshwater perches"
    ],
    "rice,sticky rice": [
        "sieve so that it becomes the consistency of rice",
        "rice the potatoes"
    ],
    "alpha,alpha star": [
        "first in order of importance",
        "the alpha male in the group of chimpanzees",
        "the alpha star in a constellation is the brightest or main star"
    ],
    "teddy,teddy garment": [
        "plaything consisting of a child's toy bear (usually plush and stuffed with soft materials)"
    ],
    "an\u00eds,an\u00eds herb": [
        "an\u00eds herb, commonly referred to as anise, is a flowering plant known for its seeds that have a sweet, licorice-like flavor, used in cooking and herbal medicine."
    ],
    "exhaust,exhaust gas": [
        "gases ejected from an engine as waste products"
    ],
    "tympanum,tympanum instrument": [
        "a large hemispherical brass or copper percussion instrument with a drumhead that can be tuned by adjusting the tension on it"
    ],
    "bomber,military bomber": [
        "a military aircraft that drops bombs during flight"
    ],
    "mike,mike speaker": [
        "device for converting sound waves into electrical energy"
    ],
    "absinthe,fennel absinthe": [
        "aromatic herb of temperate Eurasia and North Africa having a bitter taste used in making the liqueur absinthe"
    ],
    "capsule,capsule seed": [
        "a dry dehiscent seed vessel or the spore-containing structure of e.g. mosses"
    ],
    "butterfly,butterfly stroke": [
        "a swimming stroke in which the arms are thrown forward together out of the water while the feet kick up and down"
    ],
    "alexander,alexander leaves": [
        "European herb somewhat resembling celery widely naturalized in Britain coastal regions and often cultivated as a potherb"
    ],
    "mouse,mouse injury": [
        "person who is quiet or timid"
    ],
    "flageolet,flageolet instrument": [
        "a small fipple flute with four finger holes and two thumb holes"
    ],
    "steamer,sea steamer": [
        "travel by means of steam power",
        "The ship steamed off into the Pacific"
    ],
    "calamus,calamus plant": [
        "any tropical Asian palm of the genus Calamus; light tough stems are a source of rattan canes"
    ],
    "tail,investigation tail": [
        "a spy employed to follow someone and report their movements"
    ],
    "boxers,fabric boxers": [
        "someone who fights with his fists for sport"
    ],
    "butt,human butt": [
        "to strike, thrust or shove against",
        "He butted his sister out of the way",
        "The goat butted the hiker with his horns"
    ],
    "bag,travel bag": [
        "put into a bag",
        "The supermarket clerk bagged the groceries"
    ],
    "ear,human ear": [
        "the externally visible cartilaginous structure of the external ear"
    ],
    "bug,arthropod bug": [
        "general term for any insect or similar creeping or crawling invertebrate"
    ],
    "tack,tack pins": [
        "fasten with tacks",
        "tack the notice on the board"
    ],
    "drill,drill tool": [
        "make a hole, especially with a pointed power or hand tool",
        "don't drill here, there's a gas pipe",
        "drill a hole into the wall",
        "drill for oil",
        "carpenter bees are boring holes into the wall"
    ],
    "grade,scale grade": [
        "a relative position or degree of value in a graded group",
        "lumber of the highest grade"
    ],
    "apis,apis stars": [
        "type genus of the Apidae: honeybees"
    ],
    "anemone,anemone tentacles": [
        "marine polyps that resemble flowers but have oral rings of tentacles; differ from corals in forming no hard skeleton"
    ],
    "club,golf club": [
        "golf equipment used by a golfer to hit a golf ball"
    ],
    "bun,domesticated bun": [
        "small rounded bread either plain or sweet"
    ],
    "cheese,cheese food": [
        "wind onto a cheese",
        "cheese the yarn"
    ],
    "clocks,clocks weed": [
        "a timepiece that shows the time of day"
    ],
    "globe,globe ball": [
        "an object with a spherical shape",
        "a ball of fire"
    ],
    "lead,lead show": [
        "preside over",
        "John moderated the discussion"
    ],
    "ceres,ceres divinity": [
        "wrap up in a cerecloth",
        "cere a corpse"
    ],
    "castle,chess castle": [
        "a large building formerly occupied by a ruler and fortified against attack"
    ],
    "thresher,agricultural thresher": [
        "a farm machine for separating seeds or grain from the husks and straw"
    ],
    "skin,skin taste": [
        "strip the skin off",
        "pare apples"
    ],
    "stream,river stream": [
        "dominant course (suggestive of running water) of successive events or ideas",
        "two streams of development run through American history",
        "stream of consciousness",
        "the flow of thought",
        "the current of history"
    ],
    "arm,arm skin": [
        "any projection that is thought to resemble a human arm",
        "the arm of the record player",
        "an arm of the sea",
        "a branch of the sewer"
    ],
    "glutton,glutton animal": [
        "musteline mammal of northern Eurasia"
    ],
    "amit,amit god": [
        "Ammit, in ancient Egyptian religion, is a demoness and divine creature with a body that is part lion, hippopotamus, and crocodile, known as the devourer of the dead who consumed the hearts of those deemed unworthy of the afterlife."
    ],
    "force,force in baseball": [
        "take by force",
        "Storm the fort"
    ],
    "capsule,cockpit capsule": [
        "a pilot's seat in an airplane that can be forcibly ejected in the case of an emergency; then the pilot descends by parachute"
    ],
    "mars,mars divinity": [
        "make imperfect",
        "nothing marred her beauty"
    ],
    "filet,filet knitting": [
        "cut into filets",
        "filet the fish"
    ],
    "an\u00eds,an\u00eds drink": [
        "An\u00eds drink is a sweet, licorice-flavored liqueur made from aniseed, popular in Mediterranean and Latin American cultures, often consumed as a digestive or in mixed drinks."
    ],
    "stool,living room stool": [
        "a plumbing fixture for defecation and urination"
    ],
    "bat,flying bat": [
        "wink briefly",
        "bat one's eyelids"
    ],
    "crossroads,crossroads settlement": [
        "a community of people smaller than a village"
    ],
    "chip,potato chip": [
        "play a chip shot"
    ],
    "coke,coke beverage": [
        "become coke",
        "petroleum oils coke after distillation"
    ],
    "aquila,flying aquila": [
        "a genus of Accipitridae"
    ],
    "tender,ship's tender": [
        "given to sympathy or gentleness or sentimentality",
        "a tender heart",
        "a tender smile",
        "tender loving care",
        "tender memories",
        "a tender mother"
    ],
    "torpedo,torpedo snack": [
        "attack or hit with torpedoes"
    ],
    "field,game field": [
        "play as a fielder"
    ],
    "columba,columba bird": [
        "type genus of the Columbidae: typical pigeons"
    ],
    "flag,paving flag": [
        "flagpole used to mark the position of the hole on a golf green"
    ],
    "anjou,anjou bunch": [
        "a former province of western France in the Loire valley"
    ],
    "cloudy,cloudy sky": [
        "full of or covered with clouds",
        "cloudy skies"
    ],
    "beaver,beaver rodent": [
        "the soft brown fur of the beaver"
    ],
    "slug,rifle slug": [
        "a counterfeit coin"
    ],
    "wood,wood log": [
        "the hard fibrous lignified substance under the bark of trees"
    ],
    "grape,edible grape": [
        "any of numerous woody vines of genus Vitis bearing clusters of edible berries"
    ],
    "gem,gem pastry": [
        "a sweet quick bread baked in a cup-shaped pan"
    ],
    "cricket,cricket game": [
        "play cricket"
    ],
    "mantle,mantle shelf": [
        "cover like a mantle",
        "The ivy mantles the building"
    ],
    "woodpecker,fledged woodpecker": [
        "bird with strong claws and a stiff tail adapted for climbing and a hard chisel-like bill for boring into wood for insects"
    ],
    "torch,torch battery": [
        "a small portable battery-powered electric lamp"
    ],
    "crane,metal crane": [
        "stretch (the neck) so as to see better",
        "The women craned their necks to see the President drive by"
    ],
    "beaver,beaver hat": [
        "the soft brown fur of the beaver"
    ],
    "speed,street corner speed": [
        "move very fast",
        "The runner zipped past us at breakneck speed"
    ],
    "cr\u00eape,cr\u00eape food": [
        "A cr\u00eape is a thin, light pancake of French origin, made from wheat or buckwheat flour, often served with sweet or savory fillings ranging from sugar, fruit, and chocolate to cheese, ham, and eggs."
    ],
    "sink,land sink": [
        "cause to sink",
        "The Japanese sank American ships in Pearl Harbor"
    ],
    "nan,nan bread": [
        "the mother of your father or mother"
    ],
    "bun,hair bun": [
        "small rounded bread either plain or sweet"
    ],
    "bang,person bang": [
        "move noisily",
        "The window banged shut",
        "The old man banged around the house"
    ],
    "sock,foot sock": [
        "hit hard"
    ],
    "bun,flour bun": [
        "small rounded bread either plain or sweet"
    ],
    "crab,crab parasite": [
        "fish for crab"
    ],
    "acropodium,acropodium petals": [
        "Aspalathus petals come from the genus Aspalathus, best known for the Rooibos plant, native to South Africa's fynbos region, and are used primarily for making herbal tea."
    ],
    "calculus,calculus rock": [
        "the branch of mathematics that is concerned with limits and with the differentiation and integration of functions"
    ],
    "gem,gem rock": [
        "a person who is as brilliant and precious as a piece of jewelry"
    ],
    "lepus,lepus beast": [
        "type genus of the Leporidae: hares"
    ],
    "chocolate,hot chocolate": [
        "a beverage made from cocoa powder and milk and sugar; usually drunk hot"
    ],
    "arm,hunting arm": [
        "the part of a garment that is attached at the armhole and that provides a cloth covering for the arm"
    ],
    "mortar,mortar for shooting": [
        "plaster with mortar",
        "mortar the wall"
    ],
    "screwdriver,drinkable screwdriver": [
        "a hand tool for driving screws; has a tip that fits into the head of a screw"
    ],
    "flake,snow flake": [
        "cover with flakes or as if with flakes"
    ],
    "crane,crane bird": [
        "large long-necked wading bird of marshes and plains in many parts of the world"
    ],
    "blue,blue cheese": [
        "turn blue"
    ],
    "boxers,ring boxers": [
        "someone who fights with his fists for sport"
    ],
    "dummy,dummy bullets": [
        "make a dummy of",
        "dummy up the books that are to be published"
    ],
    "brittany,brittany region": [
        "a former province of northwestern France on a peninsula between the English Channel and the Bay of Biscay"
    ],
    "tornado,atmospheric tornado": [
        "a localized and violently destructive windstorm occurring over land characterized by a funnel-shaped cloud extending toward the ground"
    ],
    "flight,birds flight": [
        "fly in a flock",
        "flighting wild geese"
    ],
    "bomber,bomber bread": [
        "a person who plants bombs"
    ],
    "compass,drawing compass": [
        "the limit of capability",
        "within the compass of education"
    ],
    "battery,battery shoot": [
        "a collection of related things intended for use together",
        "took a battery of achievement tests"
    ],
    "tea,tea beverage": [
        "a beverage made by steeping tea leaves in water",
        "iced tea is a cooling drink"
    ],
    "flat,lie down flat": [
        "having lost effervescence",
        "flat beer",
        "a flat cola"
    ],
    "marsh,marsh grass": [
        "low-lying wet land with grassy vegetation; usually is a transition zone between land and water",
        "thousands of acres of marshland",
        "the fens of eastern England"
    ],
    "calamus,calamus animal": [
        "the hollow spine of a feather"
    ],
    "stinger,scorpio stinger": [
        "a sharp stinging blow"
    ],
    "gin,gin tool": [
        "trap with a snare",
        "gin game"
    ],
    "crow,crow constellation": [
        "utter shrill sounds",
        "The cocks crowed all morning"
    ],
    "shell,egg shell": [
        "remove from its shell or outer covering",
        "shell the legumes",
        "shell mussels"
    ],
    "manakin,winged manakin": [
        "any of numerous small bright-colored birds of Central America and South America having short bills and elaborate courtship behavior"
    ],
    "case,court case": [
        "a comprehensive term for any proceeding in a court of law whereby an individual seeks a legal remedy",
        "the family brought suit against the landlord"
    ],
    "cardamom,cardamom plant": [
        "rhizomatous herb of India having aromatic seeds used as seasoning"
    ],
    "ling,ling herb": [
        "water chestnut whose spiny fruit has two rather than 4 prongs"
    ],
    "sponge,living sponge": [
        "gather sponges, in the ocean"
    ],
    "nail,nail hand": [
        "attach something somewhere by means of nails",
        "nail the board onto the wall"
    ],
    "aurora,morning aurora": [
        "the first light of day",
        "we got up before dawn",
        "they talked until morning"
    ],
    "bird,badminton bird": [
        "badminton equipment consisting of a ball of cork or rubber with a crown of feathers"
    ],
    "mew,mew gull": [
        "cry like a cat",
        "the cat meowed"
    ],
    "lid,lid hat": [
        "headdress that protects the head from bad weather; has shaped crown and usually a brim"
    ],
    "draco,draco lizard": [
        "a reptile genus known as flying dragons or flying lizards"
    ],
    "lumber,lumber stacking up": [
        "cut lumber, as in woods and forests"
    ],
    "torpedo,sea torpedo": [
        "attack or hit with torpedoes"
    ],
    "canvas,data canvas": [
        "an oil painting on canvas fabric"
    ],
    "lift,lift raising": [
        "move upwards",
        "lift one's eyes"
    ],
    "ara,sky ara": [
        "a constellation in the southern hemisphere near Telescopium and Norma"
    ],
    "anapurna,anapurna goddess": [
        "wife of Siva and a benevolent aspect of Devi: Hindu goddess of plenty"
    ],
    "dandy,dandy marine": [
        "a man who is much concerned with his dress and appearance"
    ],
    "bass,string bass": [
        "having or denoting a low vocal or instrumental range",
        "a deep voice",
        "a bass voice is lower than a baritone voice",
        "a bass clarinet"
    ],
    "fringe,fringe hair": [
        "decorate with or as if with a surrounding fringe",
        "fur fringed the hem of the dress"
    ],
    "apis,honey apis": [
        "type genus of the Apidae: honeybees"
    ],
    "mate,mate in chess": [
        "the partner of an animal (especially a sexual partner)",
        "he loved the mare and all her mates",
        "camels hate leaving their mates"
    ],
    "muller,muller grinder": [
        "a vessel in which wine is mulled"
    ],
    "bay,bay shore": [
        "an indentation of a shoreline larger than a cove but smaller than a gulf"
    ],
    "ceres,space ceres": [
        "wrap up in a cerecloth",
        "cere a corpse"
    ],
    "coachwhip,coachwhip snake": [
        "a whipsnake of southern United States and Mexico; tail resembles a braided whip"
    ],
    "bug,surveillance bug": [
        "tap a telephone or telegraph wire to get information",
        "The FBI was tapping the phone line of the suspected spy",
        "Is this hotel room bugged?"
    ],
    "bluebottle,bluebottle siphonophore": [
        "blowfly with iridescent blue body; makes a loud buzzing noise in flight"
    ],
    "crop,cattle crop": [
        "yield crops",
        "This land crops well"
    ],
    "boat,travel boat": [
        "ride in a boat on water"
    ],
    "flag,flag flower": [
        "flagpole used to mark the position of the hole on a golf green"
    ],
    "acropodium,acropodium bust": [
        "Acropodium refers to the top or summit of a pedestal or column in architecture, often designed to support a statue or other ornament."
    ],
    "mole,shore mole": [
        "small velvety-furred burrowing mammal having small eyes and fossorial forefeet"
    ],
    "flat,building flat": [
        "having a surface without slope, tilt in which no part is higher or lower than another",
        "a flat desk",
        "acres of level farmland",
        "a plane surface",
        "skirts sewn with fine flat seams"
    ],
    "tail,animal tail": [
        "remove or shorten the tail of an animal"
    ],
    "bighorn,bighorn river": [
        "a river that flows from central Wyoming to the Yellowstone River in southern Montana"
    ],
    "cat,cat feline": [
        "beat with a cat-o'-nine-tails"
    ],
    "chuck,meat chuck": [
        "throw carelessly",
        "chuck the ball"
    ],
    "crease,sharp crease": [
        "scrape gently",
        "graze the skin"
    ],
    "cutter,stone cutter": [
        "someone whose work is cutting (as e.g. cutting cloth for garments)"
    ],
    "gin,gin digestive": [
        "trap with a snare",
        "gin game"
    ],
    "earthnut,crunchy earthnut": [
        "pod of the peanut vine containing usually 2 nuts or seeds; `groundnut' and `monkey nut' are British terms"
    ],
    "embroidery,fabric embroidery": [
        "decorative needlework"
    ],
    "spring,matress spring": [
        "spring back; spring away from an impact",
        "The rubber ball bounced",
        "These particles do not resile but they unite after they collide"
    ],
    "broom,broom stick": [
        "finish with a broom"
    ],
    "scene,child scene": [
        "a situation treated as an observable object",
        "the political picture is favorable",
        "the religious scene in England has changed in the last century"
    ],
    "dip,swim dip": [
        "dip into a liquid",
        "He dipped into the pool"
    ],
    "rubber,school rubber": [
        "coat or impregnate with rubber",
        "rubberize fabric for rain coats"
    ],
    "fringe,fringe dress": [
        "decorate with or as if with a surrounding fringe",
        "fur fringed the hem of the dress"
    ],
    "track,train track": [
        "(computer science) one of the circular magnetic paths on a magnetic disk that serve as a guide for writing and reading data"
    ],
    "bluebottle,bluebottle flower": [
        "blowfly with iridescent blue body; makes a loud buzzing noise in flight"
    ],
    "lid,lid eye": [
        "either of two folds of skin that can be moved to cover or open the eye",
        "his lids would stay open no longer"
    ],
    "chest,chest furniture": [
        "furniture with drawers for keeping clothes"
    ],
    "cricket,cricket insect": [
        "play cricket"
    ],
    "circle,circle shape": [
        "travel around something",
        "circle the globe"
    ],
    "milk,glass of milk": [
        "add milk to",
        "milk the tea"
    ],
    "dip,dip appetizer": [
        "immerse in a disinfectant solution",
        "dip the sheep"
    ],
    "chamois,quadruped chamois": [
        "a soft suede leather formerly from the skin of the chamois antelope but now from sheepskin"
    ],
    "cannabis,cannabis drug": [
        "the most commonly used illicit drug; considered a soft drug, it consists of the dried leaves of the hemp plant; smoked or chewed for euphoric effect"
    ],
    "crossroads,crossroads cars": [
        "a junction where one street or road crosses another"
    ],
    "clocks,time clocks": [
        "a timepiece that shows the time of day"
    ],
    "columba,columba stars": [
        "a constellation in the southern hemisphere near Puppis and Caelum"
    ],
    "diamond,diamond field": [
        "the baseball playing field"
    ]
}