{
    "goal,football goal": [
        "a successful attempt at scoring"
    ],
    "mustard,mustard seed": [
        "pungent powder or paste prepared from ground mustard seeds"
    ],
    "seat,eating seat": [
        "place in or on a seat"
    ],
    "navigate,navigate the web": [
        "act as the navigator in a car, plane, or vessel and plan, direct, plot the path and position of the conveyance"
    ],
    "butterball,butterball person": [
        "a rotund individual"
    ],
    "neptune,neptune statue": [
        "a giant planet with a ring of ice particles; the 8th planet from the sun is the most remote of the gas giants"
    ],
    "tympanum,ear tympanum": [
        "the main cavity of the ear; between the eardrum and the inner ear"
    ],
    "thymus,wild thymus": [
        "a ductless glandular organ at the base of the neck that produces lymphocytes and aids in producing immunity; atrophies with age"
    ],
    "tender,tender embrace": [
        "make tender or more tender as by marinating, pounding, or applying a tenderizer"
    ],
    "mill,mill grinding": [
        "grind with a mill"
    ],
    "trumpeter,winged trumpeter": [
        "large pure white wild swan of western North America having a sonorous cry"
    ],
    "dory,rowing dory": [
        "pike-like freshwater perches"
    ],
    "formica,formica insect": [
        "type genus of the Formicidae"
    ],
    "appendix,trotting appendix": [
        "a vestigial process that extends from the lower end of the cecum and that resembles a small pouch"
    ],
    "alluvion,water alluvion": [
        "the rising of a body of water and its overflowing onto normally dry land"
    ],
    "asm,asm launch": [
        "An ASM launch is a strategic rollout of a product or service utilizing an Affiliate Sales Machine model to drive sales through incentivized affiliates."
    ],
    "cimarron,furry cimarron": [
        "a river that rises in northeastern New Mexico and flows eastward into Oklahoma where it becomes a tributary of the Arkansas River"
    ],
    "metal,metal steel": [
        "cover with metal"
    ],
    "sub,edible sub": [
        "be a substitute"
    ],
    "web,natural web": [
        "computer network consisting of a collection of internet sites that offer text and graphics and sound and animation resources through the hypertext transfer protocol"
    ],
    "glass,reflecting glass": [
        "put in a glass container"
    ],
    "cardamom,cardamom seed": [
        "aromatic seeds used as seasoning like cinnamon and cloves especially in pickles and barbecue sauces"
    ],
    "drill,drill training": [
        "systematic training by multiple repetitions"
    ],
    "anemia,medical anemia": [
        "genus of terrestrial or lithophytic ferns having pinnatifid fronds; chiefly of tropical America"
    ],
    "anapurna,anapurna peak": [
        "wife of Siva and a benevolent aspect of Devi: Hindu goddess of plenty"
    ],
    "mescal,mescal distilled": [
        "a colorless Mexican liquor distilled from fermented juices of certain desert plants of the genus Agavaceae (especially the century plant)"
    ],
    "butterfly,flying butterfly": [
        "flutter like a butterfly"
    ],
    "ling,ling fish": [
        "elongated marine food fish of Greenland and northern Europe; often salted and dried"
    ],
    "bag,personal bag": [
        "put into a bag"
    ],
    "tea,tea herb": [
        "dried leaves of the tea shrub; used to make tea"
    ],
    "lift,lift surgery": [
        "plastic surgery to remove wrinkles and other signs of aging from your face; an incision is made near the hair line and skin is pulled back and excess tissue is excised"
    ],
    "neck,neck human": [
        "an opening in a garment for the neck of the wearer; a part of the garment near the wearer's neck"
    ],
    "mercury,planet mercury": [
        "temperature measured by a mercury thermometer"
    ],
    "gin,gin cards": [
        "separate the seeds from (cotton) with a cotton gin"
    ],
    "seat,cyclist seat": [
        "place in or on a seat"
    ],
    "retard,retard manoeuver": [
        "be delayed"
    ],
    "terry,terry fabric": [
        "a pile fabric (usually cotton) with uncut loops on both sides; used to make bath towels and bath robes"
    ],
    "tack,sailing tack": [
        "sailing a zigzag course"
    ],
    "mew,mew sound": [
        "the sound made by a cat (or any sound resembling this)"
    ],
    "flag,golf flag": [
        "flagpole used to mark the position of the hole on a golf green"
    ],
    "nan,nan river": [
        "a river of western Thailand flowing southward to join the Ping River to form the Chao Phraya"
    ],
    "globe,earth globe": [
        "a sphere on which a map (especially of the earth) is represented"
    ],
    "mimosa,mimosa beverage": [
        "evergreen Australasian tree having white or silvery bark and young leaves and yellow flowers"
    ],
    "mercury,liquid mercury": [
        "temperature measured by a mercury thermometer"
    ],
    "thresher,thresher fish": [
        "large pelagic shark of warm seas with a whiplike tail used to round up small fish on which to feed"
    ],
    "congo,congo tea": [
        "black tea grown in China"
    ],
    "cancer,cancer constellation": [
        "a small zodiacal constellation in the northern hemisphere; between Leo and Gemini"
    ],
    "ecstasy,ecstasy feeling": [
        "a state of elated bliss"
    ],
    "cygnus,cygnus galaxy": [
        "a genus of Anatidae"
    ],
    "blackcap,blackcap gull": [
        "small black-headed European gull"
    ],
    "frame,frame bones": [
        "the hard structure (bones and cartilages) that provides a frame for the body of an animal"
    ],
    "ear,ear wheat": [
        "the externally visible cartilaginous structure of the external ear"
    ],
    "capsule,pill capsule": [
        "enclose in a capsule"
    ],
    "cannabis,cannabis plant": [
        "any plant of the genus Cannabis; a coarse bushy annual with palmate leaves and clusters of small green flowers; yields tough fibers and narcotic drugs"
    ],
    "cat,cat ray": [
        "eject the contents of the stomach through the mouth"
    ],
    "expression,expression maths": [
        "expression without words"
    ],
    "flip,gymnastic flip": [
        "cause to go on or to be engaged or set in operation"
    ],
    "try,legal try": [
        "put on a garment in order to see whether it fits and looks nice"
    ],
    "blue,blue mood": [
        "turn blue"
    ],
    "disk,music disk": [
        "sound recording consisting of a disk with a continuous groove; used to reproduce music by rotating while a phonograph needle tracks in the groove"
    ],
    "bay,trotting bay": [
        "small Mediterranean evergreen tree with small blackish berries and glossy aromatic leaves used for flavoring in cooking; also used by ancient Greeks to crown victors"
    ],
    "storage,storage depot": [
        "a depository for goods"
    ],
    "tortoiseshell,tortoiseshell pet": [
        "a cat having black and cream-colored and yellowish markings"
    ],
    "saki,saki beverage": [
        "Japanese alcoholic beverage made from fermented rice; usually served hot"
    ],
    "crane,crane stars": [
        "a small constellation in the southern hemisphere near Phoenix"
    ],
    "work,study work": [
        "a place where work is done"
    ],
    "amit,amit game": [
        "An Amit game refers to a game or activity designed to challenge, entertain, or educate, often personalized or associated with individuals named Amit."
    ],
    "wood,wood barrel": [
        "any wind instrument other than the brass instruments"
    ],
    "bug,programming bug": [
        "tap a telephone or telegraph wire to get information"
    ],
    "beam,light beam": [
        "emit light; be bright, as of the sun or a light"
    ],
    "track,olympics track": [
        "the act of participating in an athletic competition involving running on a track"
    ],
    "castle,building castle": [
        "a large building formerly occupied by a ruler and fortified against attack"
    ],
    "mastic,log mastic": [
        "an aromatic exudate from the mastic tree; used chiefly in varnishes"
    ],
    "film,film plastic": [
        "record in film"
    ],
    "wind,wind instrument": [
        "a musical instrument in which the sound is produced by an enclosed column of air that is moved by the breath"
    ],
    "terrace,agricultural terrace": [
        "provide (a house) with a terrace"
    ],
    "gantlet,gantlet abuse": [
        "a form of punishment in which a person is forced to run between two lines of men facing each other and armed with clubs or whips to beat the victim"
    ],
    "blush,blush drink": [
        "become rosy or reddish"
    ],
    "crow,crow biped": [
        "dwell on with satisfaction"
    ],
    "metal,metal music": [
        "cover with metal"
    ],
    "basin,sink basin": [
        "a bathroom sink that is permanently installed and connected to a water supply and drainpipe; where you can wash your hands and face"
    ],
    "glutton,glutton hungry": [
        "musteline mammal of northern Eurasia"
    ],
    "mousse,barber mousse": [
        "apply a styling gel to"
    ],
    "cinnabar,cinnabar bug": [
        "of a vivid red to reddish-orange color"
    ],
    "argonaut,argonaut shell": [
        "cephalopod mollusk of warm seas whose females have delicate papery spiral shells"
    ],
    "madeira,madeira river": [
        "an amber dessert wine from the Madeira Islands"
    ],
    "butterball,lake butterball": [
        "a rotund individual"
    ],
    "mortar,construction mortar": [
        "plaster with mortar"
    ],
    "trumpeter,music trumpeter": [
        "large pure white wild swan of western North America having a sonorous cry"
    ],
    "thymus,human thymus": [
        "a ductless glandular organ at the base of the neck that produces lymphocytes and aids in producing immunity; atrophies with age"
    ],
    "madeira,madeira wine": [
        "an amber dessert wine from the Madeira Islands"
    ],
    "caper,caper show": [
        "gay or light-hearted recreational activity for diversion or amusement"
    ],
    "abs,body abs": [
        "a bachelor's degree in arts and sciences"
    ],
    "watch,time watch": [
        "see or watch"
    ],
    "arch,finger arch": [
        "form an arch or curve"
    ],
    "beetle,beetle hammer": [
        "a tool resembling a hammer but with a large head (usually wooden); used to drive wedges or ram down paving stones or for crushing or beating or flattening or smoothing"
    ],
    "treat,edible treat": [
        "regard or consider in a specific way"
    ],
    "bass,freshwater bass": [
        "any of various North American freshwater fish with lean flesh (especially of the genus Micropterus)"
    ],
    "nail,metal nail": [
        "a thin pointed piece of metal that is hammered into materials as a fastener"
    ],
    "blackcap,blackcap berry": [
        "small black-headed European gull"
    ],
    "wellington,wellington city": [
        "the capital of New Zealand"
    ],
    "steamer,kitchen steamer": [
        "travel by means of steam power"
    ],
    "blush,powder blush": [
        "become rosy or reddish"
    ],
    "bighorn,bighorn mammal": [
        "wild sheep of mountainous regions of western North America having massive curled horns"
    ],
    "anemone,anemone flowers": [
        "marine polyps that resemble flowers but have oral rings of tentacles; differ from corals in forming no hard skeleton"
    ],
    "supporter,cloth supporter": [
        "a person who backs a politician or a team etc."
    ],
    "flat,flat cargo": [
        "with flat sails"
    ],
    "cancer,cancer illness": [
        "type genus of the family Cancridae"
    ],
    "tender,railway tender": [
        "make tender or more tender as by marinating, pounding, or applying a tenderizer"
    ],
    "match,match competition": [
        "the score needed to win a match"
    ],
    "bang,sexual bang": [
        "leap, jerk, bang"
    ],
    "frame,frame of a painting": [
        "the hard structure (bones and cartilages) that provides a frame for the body of an animal"
    ],
    "neptune,milky way neptune": [
        "a giant planet with a ring of ice particles; the 8th planet from the sun is the most remote of the gas giants"
    ],
    "stump,log stump": [
        "remove tree stumps from"
    ],
    "alpacca,metal alpacca": [
        "Metal alpacca, also known as nickel silver, is a non-precious alloy combining nickel, copper, and zinc, known for its silver-like appearance and used in jewelry, musical instruments, and tableware."
    ],
    "calculus,calculus specialization": [
        "an incrustation that forms on the teeth and gums"
    ],
    "aurora,nordic aurora": [
        "the first light of day"
    ],
    "paper,news paper": [
        "cover with paper"
    ],
    "lot,parking lot": [
        "an unofficial association of people or groups"
    ],
    "chocolate,chocolate chunk": [
        "a beverage made from cocoa powder and milk and sugar; usually drunk hot"
    ],
    "mole,animal mole": [
        "small velvety-furred burrowing mammal having small eyes and fossorial forefeet"
    ],
    "screwdriver,nail screwdriver": [
        "a cocktail made with vodka and orange juice"
    ],
    "sling,sling heels": [
        "hold or carry in a sling"
    ],
    "arctic,arctic boots": [
        "of or relating to the Arctic"
    ],
    "mustard,mustard nourishment": [
        "pungent powder or paste prepared from ground mustard seeds"
    ],
    "manhattan,manhattan cocktail": [
        "a cocktail made with whiskey and sweet vermouth with a dash of bitters"
    ],
    "uranus,planet uranus": [
        "a giant planet with a ring of ice particles; the 7th planet from the sun has a blue-green color and many satellites"
    ],
    "track,tank track": [
        "the act of participating in an athletic competition involving running on a track"
    ],
    "boa,boa constrictor": [
        "a long thin fluffy scarf of feathers or fur"
    ],
    "torch,wild torch": [
        "burn maliciously, as by arson"
    ],
    "liquorice,candy liquorice": [
        "a black candy flavored with the dried root of the licorice plant"
    ],
    "diamond,shiny diamond": [
        "a transparent piece of diamond that has been cut and polished and is valued as a precious gem"
    ],
    "bannister,stair bannister": [
        "a railing at the side of a staircase or balcony to prevent people from falling"
    ],
    "stinger,stinger liquor": [
        "a sharp stinging blow"
    ],
    "mole,human mole": [
        "small velvety-furred burrowing mammal having small eyes and fossorial forefeet"
    ],
    "mole,meal mole": [
        "small velvety-furred burrowing mammal having small eyes and fossorial forefeet"
    ],
    "stream,rainy stream": [
        "something that resembles a flowing stream in moving continuously"
    ],
    "flageolet,flageolet legumes": [
        "a small fipple flute with four finger holes and two thumb holes"
    ],
    "circle,traffic circle": [
        "a road junction at which traffic streams circularly around a central island"
    ],
    "shot,ammunition shot": [
        "sports equipment consisting of a heavy metal ball used in the shot put"
    ],
    "cinnabar,cinnabar mineral": [
        "a heavy reddish mineral consisting of mercuric sulfide; the chief source of mercury"
    ],
    "bay,bay sound": [
        "the sound of a hound on the scent"
    ],
    "formica,formica laminate": [
        "type genus of the Formicidae"
    ],
    "mate,mate tea": [
        "South American tea-like drink made from leaves of a South American holly called mate"
    ],
    "neck,bottle neck": [
        "an opening in a garment for the neck of the wearer; a part of the garment near the wearer's neck"
    ],
    "sock,direction sock": [
        "a truncated cloth cone mounted on a mast; used (e.g., at airports) to show the direction of the wind"
    ],
    "cancer,sea cancer": [
        "type genus of the family Cancridae"
    ],
    "navigate,navigate the sea": [
        "act as the navigator in a car, plane, or vessel and plan, direct, plot the path and position of the conveyance"
    ],
    "blossom,spring blossom": [
        "the period of greatest prosperity or productivity"
    ],
    "capsule,space capsule": [
        "a spacecraft designed to transport people and support human life in outer space"
    ],
    "shot,vaccine shot": [
        "sports equipment consisting of a heavy metal ball used in the shot put"
    ],
    "voyage,sea voyage": [
        "travel on water propelled by wind or by other means"
    ],
    "lug,lug worm": [
        "obstruct"
    ],
    "sink,restroom sink": [
        "fall or sink heavily"
    ],
    "thaw,thaw relax": [
        "a relaxation or slackening of tensions or reserve; becoming less hostile"
    ],
    "dummy,dummy for baby": [
        "make a dummy of"
    ],
    "chamaeleon,chamaeleon reptile": [
        "lizard of Africa and Madagascar able to change skin color and having a projectile tongue"
    ],
    "chamaeleon,chamaeleon constellation": [
        "a faint constellation in the polar region of the southern hemisphere near Apus and Mensa"
    ],
    "buck,log buck": [
        "a gymnastic horse without pommels and with one end elongated; used lengthwise for vaulting"
    ],
    "lumber,lumber club": [
        "move heavily or clumsily"
    ],
    "treat,medical treat": [
        "regard or consider in a specific way"
    ],
    "chest,body chest": [
        "the part of the human torso between the neck and the diaphragm or the corresponding part in other vertebrates"
    ],
    "gold,gold metal": [
        "made from or covered with gold"
    ],
    "mouse,computer mouse": [
        "manipulate the mouse of a computer"
    ],
    "cancer,zodiac cancer": [
        "type genus of the family Cancridae"
    ],
    "doodlebug,doodlebug insect": [
        "the larva of any of several insects"
    ],
    "adam,adam pills": [
        "street names for methylenedioxymethamphetamine"
    ],
    "field,arable field": [
        "a particular environment or walk of life"
    ],
    "alpacca,herbivore alpacca": [
        "a herbivore alpaca is a domesticated species of South American camelid, known for its soft fleece and exclusively herbivorous diet, primarily grazing on grasses."
    ],
    "aquila,aquila constellation": [
        "a constellation in the Milky Way near Cygnus; contains the star Altair"
    ],
    "abode,living abode": [
        "housing that someone is living in"
    ],
    "stump,podium stump": [
        "remove tree stumps from"
    ],
    "brittany,brittany breed": [
        "a former province of northwestern France on a peninsula between the English Channel and the Bay of Biscay"
    ],
    "brace,elastic brace": [
        "support or hold steady and make steadfast, with or as if with a brace"
    ],
    "drill,drill mammal": [
        "systematic training by multiple repetitions"
    ],
    "lead,lead metallic": [
        "cause something to pass or lead somewhere"
    ],
    "boat,sauce boat": [
        "a dish (often boat-shaped) for serving gravy or sauce"
    ],
    "folder,computer folder": [
        "covering that is folded over to protect the contents"
    ],
    "check,chess check": [
        "write out a check on a bank account"
    ],
    "viola,viola music": [
        "a bowed stringed instrument slightly larger than a violin, tuned a fifth lower"
    ],
    "club,police club": [
        "a building that is occupied by a social club"
    ],
    "match,burning match": [
        "the score needed to win a match"
    ],
    "mousse,mousse sweet": [
        "apply a styling gel to"
    ],
    "folder,folder for papers": [
        "covering that is folded over to protect the contents"
    ],
    "basin,lake basin": [
        "a natural depression in the surface of the land often with a lake at the bottom of it"
    ],
    "wellington,wellington shoe": [
        "the capital of New Zealand"
    ],
    "argonaut,argonaut myth": [
        "cephalopod mollusk of warm seas whose females have delicate papery spiral shells"
    ],
    "absinthe,absinthe liqueur": [
        "aromatic herb of temperate Eurasia and North Africa having a bitter taste used in making the liqueur absinthe"
    ],
    "filet,edible filet": [
        "cut into filets"
    ],
    "compass,orientation compass": [
        "an area in which something acts or operates or has power or control:"
    ],
    "teddy,teddy toy": [
        "plaything consisting of a child's toy bear (usually plush and stuffed with soft materials)"
    ],
    "club,music club": [
        "a building that is occupied by a social club"
    ],
    "manhattan,manhattan city": [
        "a cocktail made with whiskey and sweet vermouth with a dash of bitters"
    ],
    "try,try taste": [
        "put on a garment in order to see whether it fits and looks nice"
    ],
    "bag,bovid bag": [
        "put into a bag"
    ],
    "battery,power battery": [
        "an assault in which the assailant makes physical contact"
    ],
    "voyage,flight voyage": [
        "travel on water propelled by wind or by other means"
    ],
    "sub,navy sub": [
        "be a substitute"
    ],
    "fencing,fencing yard": [
        "fight with fencing swords"
    ],
    "disk,disk land": [
        "sound recording consisting of a disk with a continuous groove; used to reproduce music by rotating while a phonograph needle tracks in the groove"
    ],
    "mimosa,mimosa flowers": [
        "evergreen Australasian tree having white or silvery bark and young leaves and yellow flowers"
    ],
    "liquorice,liquorice plant": [
        "a black candy flavored with the dried root of the licorice plant"
    ],
    "chip,gambling chip": [
        "play a chip shot"
    ],
    "twine,rope twine": [
        "arrange or or coil around"
    ],
    "fencing,olympic fencing": [
        "fight with fencing swords"
    ],
    "chest,chest box": [
        "box with a lid; used for storage; usually large and sturdy"
    ],
    "case,trolley case": [
        "enclose in, or as if in, a case"
    ],
    "topi,topi animal": [
        "a large South African antelope; considered the swiftest hoofed mammal"
    ],
    "delivery,delivery package": [
        "recovery or preservation from loss or danger"
    ],
    "dressing,dressing compost": [
        "put a dressing on"
    ],
    "wood,forest wood": [
        "any wind instrument other than the brass instruments"
    ],
    "milk,milk river": [
        "add milk to"
    ],
    "sty,sty inflammation": [
        "a pen for swine"
    ],
    "manakin,manakin store": [
        "a life-size dummy used to display clothes"
    ],
    "coke,coke powder": [
        "become coke"
    ],
    "fortification,fortification stronghold": [
        "defensive structure consisting of walls or mounds built around a stronghold to strengthen it"
    ],
    "saki,saki mammal": [
        "small arboreal monkey of tropical South America with long hair and bushy nonprehensile tail"
    ],
    "flyover,flyover air force": [
        "bridge formed by the upper level of a crossing of two highways at different levels"
    ],
    "caper,caper plant": [
        "gay or light-hearted recreational activity for diversion or amusement"
    ],
    "beam,long beam": [
        "long thick piece of wood or metal or concrete, etc., used in construction"
    ],
    "subway,subway transport": [
        "an underground tunnel or passage enabling pedestrians to cross a road or railway"
    ],
    "slug,slug snail": [
        "a strip of type metal used for spacing"
    ],
    "bat,cricket bat": [
        "the club used in playing cricket"
    ],
    "card,greeting card": [
        "a card certifying the identity of the bearer"
    ],
    "aurora,mythological aurora": [
        "the first light of day"
    ],
    "mars,planet mars": [
        "a small reddish planet that is the 4th from the sun and is periodically visible to the naked eye; minerals rich in iron cover its surface and are responsible for its characteristic color"
    ],
    "cimarron,cimarron flow": [
        "a river that rises in northeastern New Mexico and flows eastward into Oklahoma where it becomes a tributary of the Arkansas River"
    ],
    "dike,dike water": [
        "enclose with a dike"
    ],
    "topi,topi hat": [
        "a lightweight hat worn in tropical countries for protection from the sun"
    ],
    "case,glass case": [
        "enclose in, or as if in, a case"
    ],
    "flyover,flyover with cars": [
        "bridge formed by the upper level of a crossing of two highways at different levels"
    ],
    "ace,enzyme ace": [
        "proteolytic enzyme that converts angiotensin I into angiotensin II"
    ],
    "dip,gym dip": [
        "dip into a liquid while eating"
    ],
    "bat,game bat": [
        "use a bat"
    ],
    "mescal,mescal plant": [
        "a small spineless globe-shaped cactus; source of mescal buttons"
    ],
    "vesta,divine vesta": [
        "the brightest asteroid but the fourth to be discovered"
    ],
    "flip,flip a coin": [
        "the act of flipping a coin"
    ],
    "chamois,suede chamois": [
        "a soft suede leather formerly from the skin of the chamois antelope but now from sheepskin"
    ],
    "doodlebug,doodlebug plane": [
        "the larva of any of several insects"
    ],
    "arctic,arctic map": [
        "of or relating to the Arctic"
    ],
    "smoking,smoking steam": [
        "the act of smoking tobacco or other substances"
    ],
    "arbor,leafy arbor": [
        "any of various rotating shafts that serve as axes for larger rotating parts"
    ],
    "bay,bay leaves": [
        "small Mediterranean evergreen tree with small blackish berries and glossy aromatic leaves used for flavoring in cooking; also used by ancient Greeks to crown victors"
    ],
    "boa,boa scarf": [
        "a long thin fluffy scarf of feathers or fur"
    ],
    "sin,calculation sin": [
        "ratio of the length of the side opposite the given angle to the length of the hypotenuse of a right-angled triangle"
    ],
    "spread,spread knife": [
        "spread out or open from a closed or folded state"
    ],
    "cutter,cutter sea": [
        "a boat for communication between ship and shore"
    ],
    "lupus,lupus illness": [
        "a constellation in the southern hemisphere near Centaurus"
    ],
    "dandy,dandy appearance": [
        "a man who is much concerned with his dress and appearance"
    ],
    "column,architecture column": [
        "anything that approximates the shape of a column or tower"
    ],
    "bluebottle,blow bluebottle": [
        "an annual Eurasian plant cultivated in North America having showy heads of blue or purple or pink or white flowers"
    ],
    "triton,god triton": [
        "tropical marine gastropods having beautifully colored spiral shells"
    ],
    "sty,crowded sty": [
        "a pen for swine"
    ],
    "transport,recorder transport": [
        "transport commercially"
    ],
    "earthnut,earthnut tuber": [
        "edible subterranean fungus of the genus Tuber"
    ],
    "ecstasy,ecstasy drug": [
        "a state of elated bliss"
    ],
    "beans,pill beans": [
        "any of various seeds or fruits that are beans or resemble beans"
    ],
    "graph,graph visualization": [
        "plot upon a graph"
    ],
    "cygnus,fledged cygnus": [
        "a genus of Anatidae"
    ],
    "canvas,vessel canvas": [
        "a large piece of fabric (usually canvas fabric) by means of which wind is used to propel a sailing vessel"
    ],
    "arbor,metal arbor": [
        "any of various rotating shafts that serve as axes for larger rotating parts"
    ],
    "aurora,aurora tale": [
        "the first light of day"
    ],
    "mercury,mercury statue": [
        "temperature measured by a mercury thermometer"
    ],
    "bird,vertebrate bird": [
        "the flesh of a bird or fowl (wild or domestic) used as food"
    ],
    "anemia,tropical anemia": [
        "genus of terrestrial or lithophytic ferns having pinnatifid fronds; chiefly of tropical America"
    ],
    "baguet,eating baguet": [
        "narrow French stick loaf"
    ],
    "crack,crack drug": [
        "become fractured; break or crack on the surface only"
    ],
    "disk,floppy disk": [
        "sound recording consisting of a disk with a continuous groove; used to reproduce music by rotating while a phonograph needle tracks in the groove"
    ],
    "lumber,lumber craft": [
        "move heavily or clumsily"
    ],
    "balance,measuring balance": [
        "bring into balance or equilibrium"
    ],
    "bang,bang blast": [
        "leap, jerk, bang"
    ],
    "delivery,delivery baseball": [
        "(baseball) the act of throwing a baseball by a pitcher to a batter"
    ],
    "cassiopeia,cassiopeia stars": [
        "a W-shaped constellation in the northern hemisphere near Polaris"
    ],
    "drawer,cabinet drawer": [
        "the person who writes a check or draft instructing the drawee to pay someone else"
    ],
    "coachwhip,coachwhip shrub": [
        "desert shrub of southwestern United States and Mexico having slender naked spiny branches that after the rainy season put forth foliage and clusters of red flowers"
    ],
    "gantlet,gantlet armor": [
        "a form of punishment in which a person is forced to run between two lines of men facing each other and armed with clubs or whips to beat the victim"
    ],
    "watch,watch a movie": [
        "a person employed to keep watch for some anticipated event"
    ],
    "beans,edible beans": [
        "any of various leguminous plants grown for their edible seeds and pods"
    ],
    "mantle,mantle curtain": [
        "cover like a mantle"
    ],
    "butt,smoking butt": [
        "finely ground tobacco wrapped in paper; for smoking"
    ],
    "cassiopeia,greek cassiopeia": [
        "a W-shaped constellation in the northern hemisphere near Polaris"
    ],
    "ara,chirping ara": [
        "macaws"
    ],
    "clog,foot clog": [
        "impede with a clog or as if with a clog"
    ],
    "viola,viola shrub": [
        "a bowed stringed instrument slightly larger than a violin, tuned a fifth lower"
    ],
    "vesta,vesta galaxy": [
        "the brightest asteroid but the fourth to be discovered"
    ],
    "storage,computer storage": [
        "(computer science) the process of storing information in a computer memory or on a magnetic tape or disk"
    ],
    "flag,flag banner": [
        "provide with a flag"
    ],
    "crown,golden crown": [
        "(dentistry) dental appliance consisting of an artificial crown for a broken or decayed tooth"
    ],
    "bag,shopping bag": [
        "put into a bag"
    ],
    "broom,broom heath": [
        "sweep with a broom or as if with a broom"
    ],
    "floor,floor building": [
        "the occupants of a floor"
    ],
    "dressing,dressing wound": [
        "a cloth covering for a wound or sore"
    ],
    "triton,triton lizard": [
        "tropical marine gastropods having beautifully colored spiral shells"
    ],
    "dory,dory fish": [
        "pike-like freshwater perches"
    ],
    "rice,sticky rice": [
        "sieve so that it becomes the consistency of rice"
    ],
    "alpha,alpha star": [
        "early testing stage of a software or hardware product"
    ],
    "teddy,teddy garment": [
        "plaything consisting of a child's toy bear (usually plush and stuffed with soft materials)"
    ],
    "an\u00eds,an\u00eds herb": [
        "an\u00eds herb, commonly referred to as anise, is a flowering plant known for its seeds that have a sweet, licorice-like flavor, used in cooking and herbal medicine."
    ],
    "exhaust,exhaust gas": [
        "deplete"
    ],
    "tympanum,tympanum instrument": [
        "a large hemispherical brass or copper percussion instrument with a drumhead that can be tuned by adjusting the tension on it"
    ],
    "bomber,military bomber": [
        "a military aircraft that drops bombs during flight"
    ],
    "mike,mike speaker": [
        "device for converting sound waves into electrical energy"
    ],
    "absinthe,fennel absinthe": [
        "aromatic herb of temperate Eurasia and North Africa having a bitter taste used in making the liqueur absinthe"
    ],
    "capsule,capsule seed": [
        "enclose in a capsule"
    ],
    "butterfly,butterfly stroke": [
        "flutter like a butterfly"
    ],
    "alexander,alexander leaves": [
        "king of Macedon; conqueror of Greece and Egypt and Persia; founder of Alexandria (356-323 BC)"
    ],
    "mouse,mouse injury": [
        "manipulate the mouse of a computer"
    ],
    "flageolet,flageolet instrument": [
        "a small fipple flute with four finger holes and two thumb holes"
    ],
    "steamer,sea steamer": [
        "travel by means of steam power"
    ],
    "calamus,calamus plant": [
        "perennial marsh plant having swordlike leaves and aromatic roots"
    ],
    "tail,investigation tail": [
        "any projection that resembles the tail of an animal"
    ],
    "boxers,fabric boxers": [
        "a workman employed to pack things into containers"
    ],
    "butt,human butt": [
        "the fleshy part of the human body that you sit on"
    ],
    "bag,travel bag": [
        "put into a bag"
    ],
    "ear,human ear": [
        "the externally visible cartilaginous structure of the external ear"
    ],
    "bug,arthropod bug": [
        "tap a telephone or telegraph wire to get information"
    ],
    "tack,tack pins": [
        "(nautical) the act of changing tack"
    ],
    "drill,drill tool": [
        "a tool with a sharp point and cutting edges for making holes in hard materials (usually rotating rapidly or by repeated blows)"
    ],
    "grade,scale grade": [
        "determine the grade of or assign a grade to"
    ],
    "apis,apis stars": [
        "type genus of the Apidae: honeybees"
    ],
    "anemone,anemone tentacles": [
        "marine polyps that resemble flowers but have oral rings of tentacles; differ from corals in forming no hard skeleton"
    ],
    "club,golf club": [
        "golf equipment used by a golfer to hit a golf ball"
    ],
    "bun,domesticated bun": [
        "small rounded bread either plain or sweet"
    ],
    "cheese,cheese food": [
        "wind onto a cheese"
    ],
    "clocks,clocks weed": [
        "European weed naturalized in southwestern United States and Mexico having reddish decumbent stems with small fernlike leaves and small deep reddish-lavender flowers followed by slender fruits that stick straight up; often grown for forage"
    ],
    "globe,globe ball": [
        "a sphere on which a map (especially of the earth) is represented"
    ],
    "lead,lead show": [
        "cause something to pass or lead somewhere"
    ],
    "ceres,ceres divinity": [
        "the largest asteroid and the first discovered"
    ],
    "castle,chess castle": [
        "a large and stately mansion"
    ],
    "thresher,agricultural thresher": [
        "large pelagic shark of warm seas with a whiplike tail used to round up small fish on which to feed"
    ],
    "skin,skin taste": [
        "strip the skin off"
    ],
    "stream,river stream": [
        "something that resembles a flowing stream in moving continuously"
    ],
    "arm,arm skin": [
        "the part of a garment that is attached at the armhole and that provides a cloth covering for the arm"
    ],
    "glutton,glutton animal": [
        "musteline mammal of northern Eurasia"
    ],
    "amit,amit god": [
        "Ammit, in ancient Egyptian religion, is a demoness and divine creature with a body that is part lion, hippopotamus, and crocodile, known as the devourer of the dead who consumed the hearts of those deemed unworthy of the afterlife."
    ],
    "force,force in baseball": [
        "take by force"
    ],
    "capsule,cockpit capsule": [
        "enclose in a capsule"
    ],
    "mars,mars divinity": [
        "destroy or injure severely"
    ],
    "filet,filet knitting": [
        "cut into filets"
    ],
    "an\u00eds,an\u00eds drink": [
        "An\u00eds drink is a sweet, licorice-flavored liqueur made from aniseed, popular in Mediterranean and Latin American cultures, often consumed as a digestive or in mixed drinks."
    ],
    "stool,living room stool": [
        "a plumbing fixture for defecation and urination"
    ],
    "bat,flying bat": [
        "use a bat"
    ],
    "crossroads,crossroads settlement": [
        "a crisis situation or point in time when a critical decision must be made"
    ],
    "chip,potato chip": [
        "play a chip shot"
    ],
    "coke,coke beverage": [
        "become coke"
    ],
    "aquila,flying aquila": [
        "a genus of Accipitridae"
    ],
    "tender,ship's tender": [
        "make tender or more tender as by marinating, pounding, or applying a tenderizer"
    ],
    "torpedo,torpedo snack": [
        "attack or hit with torpedoes"
    ],
    "field,game field": [
        "a piece of land prepared for playing a game"
    ],
    "columba,columba bird": [
        "type genus of the Columbidae: typical pigeons"
    ],
    "flag,paving flag": [
        "provide with a flag"
    ],
    "anjou,anjou bunch": [
        "a pear with firm flesh and a green skin"
    ],
    "cloudy,cloudy sky": [
        "(of liquids) clouded as with sediment"
    ],
    "beaver,beaver rodent": [
        "a man's hat with a tall crown; usually covered with silk or with beaver fur"
    ],
    "slug,rifle slug": [
        "a strip of type metal used for spacing"
    ],
    "wood,wood log": [
        "any wind instrument other than the brass instruments"
    ],
    "grape,edible grape": [
        "any of numerous woody vines of genus Vitis bearing clusters of edible berries"
    ],
    "gem,gem pastry": [
        "a sweet quick bread baked in a cup-shaped pan"
    ],
    "cricket,cricket game": [
        "play cricket"
    ],
    "mantle,mantle shelf": [
        "cover like a mantle"
    ],
    "woodpecker,fledged woodpecker": [
        "bird with strong claws and a stiff tail adapted for climbing and a hard chisel-like bill for boring into wood for insects"
    ],
    "torch,torch battery": [
        "burn maliciously, as by arson"
    ],
    "crane,metal crane": [
        "a small constellation in the southern hemisphere near Phoenix"
    ],
    "beaver,beaver hat": [
        "a man's hat with a tall crown; usually covered with silk or with beaver fur"
    ],
    "speed,street corner speed": [
        "move very fast"
    ],
    "cr\u00eape,cr\u00eape food": [
        "A cr\u00eape is a thin, light pancake of French origin, made from wheat or buckwheat flour, often served with sweet or savory fillings ranging from sugar, fruit, and chocolate to cheese, ham, and eggs."
    ],
    "sink,land sink": [
        "fall or sink heavily"
    ],
    "nan,nan bread": [
        "leavened bread baked in a clay oven in India; usually shaped like a teardrop"
    ],
    "bun,hair bun": [
        "small rounded bread either plain or sweet"
    ],
    "bang,person bang": [
        "leap, jerk, bang"
    ],
    "sock,foot sock": [
        "a truncated cloth cone mounted on a mast; used (e.g., at airports) to show the direction of the wind"
    ],
    "bun,flour bun": [
        "small rounded bread either plain or sweet"
    ],
    "crab,crab parasite": [
        "fish for crab"
    ],
    "acropodium,acropodium petals": [
        "Aspalathus petals come from the genus Aspalathus, best known for the Rooibos plant, native to South Africa's fynbos region, and are used primarily for making herbal tea."
    ],
    "calculus,calculus rock": [
        "an incrustation that forms on the teeth and gums"
    ],
    "gem,gem rock": [
        "a crystalline rock that can be cut and polished for jewelry"
    ],
    "lepus,lepus beast": [
        "type genus of the Leporidae: hares"
    ],
    "chocolate,hot chocolate": [
        "a beverage made from cocoa powder and milk and sugar; usually drunk hot"
    ],
    "arm,hunting arm": [
        "any instrument or instrumentality used in fighting or hunting"
    ],
    "mortar,mortar for shooting": [
        "plaster with mortar"
    ],
    "screwdriver,drinkable screwdriver": [
        "a cocktail made with vodka and orange juice"
    ],
    "flake,snow flake": [
        "a crystal of snow"
    ],
    "crane,crane bird": [
        "large long-necked wading bird of marshes and plains in many parts of the world"
    ],
    "blue,blue cheese": [
        "turn blue"
    ],
    "boxers,ring boxers": [
        "a workman employed to pack things into containers"
    ],
    "dummy,dummy bullets": [
        "make a dummy of"
    ],
    "brittany,brittany region": [
        "a former province of northwestern France on a peninsula between the English Channel and the Bay of Biscay"
    ],
    "tornado,atmospheric tornado": [
        "a localized and violently destructive windstorm occurring over land characterized by a funnel-shaped cloud extending toward the ground"
    ],
    "flight,birds flight": [
        "shoot a bird in flight"
    ],
    "bomber,bomber bread": [
        "a large sandwich made of a long crusty roll split lengthwise and filled with meats and cheese (and tomato and onion and lettuce and condiments); different names are used in different sections of the United States"
    ],
    "compass,drawing compass": [
        "drafting instrument used for drawing circles"
    ],
    "battery,battery shoot": [
        "an assault in which the assailant makes physical contact"
    ],
    "tea,tea beverage": [
        "a beverage made by steeping tea leaves in water"
    ],
    "flat,lie down flat": [
        "with flat sails"
    ],
    "marsh,marsh grass": [
        "New Zealand writer of detective stories (1899-1982)"
    ],
    "calamus,calamus animal": [
        "perennial marsh plant having swordlike leaves and aromatic roots"
    ],
    "stinger,scorpio stinger": [
        "a sharp stinging blow"
    ],
    "gin,gin tool": [
        "separate the seeds from (cotton) with a cotton gin"
    ],
    "crow,crow constellation": [
        "a small quadrilateral constellation in the southern hemisphere near Virgo"
    ],
    "shell,egg shell": [
        "remove from its shell or outer covering"
    ],
    "manakin,winged manakin": [
        "a life-size dummy used to display clothes"
    ],
    "case,court case": [
        "a comprehensive term for any proceeding in a court of law whereby an individual seeks a legal remedy"
    ],
    "cardamom,cardamom plant": [
        "aromatic seeds used as seasoning like cinnamon and cloves especially in pickles and barbecue sauces"
    ],
    "ling,ling herb": [
        "American hakes"
    ],
    "sponge,living sponge": [
        "soak up with a sponge"
    ],
    "nail,nail hand": [
        "hit hard"
    ],
    "aurora,morning aurora": [
        "the first light of day"
    ],
    "bird,badminton bird": [
        "badminton equipment consisting of a ball of cork or rubber with a crown of feathers"
    ],
    "mew,mew gull": [
        "the common gull of Eurasia and northeastern North America"
    ],
    "lid,lid hat": [
        "a movable top or cover (hinged or separate) for closing the opening at the top of a box, chest, jar, pan, etc."
    ],
    "draco,draco lizard": [
        "a reptile genus known as flying dragons or flying lizards"
    ],
    "lumber,lumber stacking up": [
        "move heavily or clumsily"
    ],
    "torpedo,sea torpedo": [
        "attack or hit with torpedoes"
    ],
    "canvas,data canvas": [
        "a large piece of fabric (usually canvas fabric) by means of which wind is used to propel a sailing vessel"
    ],
    "lift,lift raising": [
        "the act of raising something"
    ],
    "ara,sky ara": [
        "macaws"
    ],
    "anapurna,anapurna goddess": [
        "wife of Siva and a benevolent aspect of Devi: Hindu goddess of plenty"
    ],
    "dandy,dandy marine": [
        "a sailing vessel with two masts; a small mizzen is aft of the rudderpost"
    ],
    "bass,string bass": [
        "the lean flesh of a saltwater fish of the family Serranidae"
    ],
    "fringe,fringe hair": [
        "decorate with or as if with a surrounding fringe"
    ],
    "apis,honey apis": [
        "type genus of the Apidae: honeybees"
    ],
    "mate,mate in chess": [
        "a person's partner in marriage"
    ],
    "muller,muller grinder": [
        "a heavy tool of stone or iron (usually with a flat base and a handle) that is used to grind and mix material (as grain or drugs or pigments) against a slab of stone"
    ],
    "bay,bay shore": [
        "small Mediterranean evergreen tree with small blackish berries and glossy aromatic leaves used for flavoring in cooking; also used by ancient Greeks to crown victors"
    ],
    "ceres,space ceres": [
        "the largest asteroid and the first discovered"
    ],
    "coachwhip,coachwhip snake": [
        "desert shrub of southwestern United States and Mexico having slender naked spiny branches that after the rainy season put forth foliage and clusters of red flowers"
    ],
    "bug,surveillance bug": [
        "tap a telephone or telegraph wire to get information"
    ],
    "bluebottle,bluebottle siphonophore": [
        "an annual Eurasian plant cultivated in North America having showy heads of blue or purple or pink or white flowers"
    ],
    "crop,cattle crop": [
        "cultivate, tend, and cut back the growth of"
    ],
    "boat,travel boat": [
        "ride in a boat on water"
    ],
    "flag,flag flower": [
        "provide with a flag"
    ],
    "acropodium,acropodium bust": [
        "Acropodium refers to the top or summit of a pedestal or column in architecture, often designed to support a statue or other ornament."
    ],
    "mole,shore mole": [
        "a protective structure of stone or concrete; extends from shore into the water to prevent a beach from washing away"
    ],
    "flat,building flat": [
        "with flat sails"
    ],
    "tail,animal tail": [
        "any projection that resembles the tail of an animal"
    ],
    "bighorn,bighorn river": [
        "a river that flows from central Wyoming to the Yellowstone River in southern Montana"
    ],
    "cat,cat feline": [
        "feline mammal usually having thick soft fur and no ability to roar: domestic cats; wildcats"
    ],
    "chuck,meat chuck": [
        "eject the contents of the stomach through the mouth"
    ],
    "crease,sharp crease": [
        "make wrinkles or creases on a smooth surface; make a pressed, folded or wrinkled line in"
    ],
    "cutter,stone cutter": [
        "someone who cuts or carves stone"
    ],
    "gin,gin digestive": [
        "separate the seeds from (cotton) with a cotton gin"
    ],
    "earthnut,crunchy earthnut": [
        "edible subterranean fungus of the genus Tuber"
    ],
    "embroidery,fabric embroidery": [
        "decorative needlework"
    ],
    "spring,matress spring": [
        "spring back; spring away from an impact"
    ],
    "broom,broom stick": [
        "sweep with a broom or as if with a broom"
    ],
    "scene,child scene": [
        "the visual percept of a region"
    ],
    "dip,swim dip": [
        "dip into a liquid while eating"
    ],
    "rubber,school rubber": [
        "coat or impregnate with rubber"
    ],
    "fringe,fringe dress": [
        "decorate with or as if with a surrounding fringe"
    ],
    "track,train track": [
        "the act of participating in an athletic competition involving running on a track"
    ],
    "bluebottle,bluebottle flower": [
        "an annual Eurasian plant cultivated in North America having showy heads of blue or purple or pink or white flowers"
    ],
    "lid,lid eye": [
        "either of two folds of skin that can be moved to cover or open the eye"
    ],
    "chest,chest furniture": [
        "furniture with drawers for keeping clothes"
    ],
    "cricket,cricket insect": [
        "play cricket"
    ],
    "circle,circle shape": [
        "something approximating the shape of a circle"
    ],
    "milk,glass of milk": [
        "add milk to"
    ],
    "dip,dip appetizer": [
        "dip into a liquid while eating"
    ],
    "chamois,quadruped chamois": [
        "a soft suede leather formerly from the skin of the chamois antelope but now from sheepskin"
    ],
    "cannabis,cannabis drug": [
        "the most commonly used illicit drug; considered a soft drug, it consists of the dried leaves of the hemp plant; smoked or chewed for euphoric effect"
    ],
    "crossroads,crossroads cars": [
        "a crisis situation or point in time when a critical decision must be made"
    ],
    "clocks,time clocks": [
        "measure the time or duration of an event or action or the person who performs an action in a certain period of time"
    ],
    "columba,columba stars": [
        "type genus of the Columbidae: typical pigeons"
    ],
    "diamond,diamond field": [
        "a transparent piece of diamond that has been cut and polished and is valued as a precious gem"
    ]
}