{
    "(goal, football goal)": "",
    "(mustard, mustard seed)": "",
    "(seat, eating seat)": "",
    "(navigate, navigate the web)": "",
    "(butterball, butterball person)": "",
    "(neptune, neptune statue)": "",
    "(tympanum, ear tympanum)": "",
    "(thymus, wild thymus)": "",
    "(tender, tender embrace)": "",
    "(mill, mill grinding)": "",
    "(trumpeter, winged trumpeter)": "",
    "(dory, rowing dory)": "",
    "(formica, formica insect)": "",
    "(appendix, trotting appendix)": "",
    "(alluvion, water alluvion)": "",
    "(asm, asm launch)": "",
    "(cimarron, furry cimarron)": "",
    "(metal, metal steel)": "",
    "(sub, edible sub)": "",
    "(web, natural web)": "",
    "(glass, reflecting glass)": "",
    "(cardamom, cardamom seed)": "",
    "(drill, drill training)": "",
    "(anemia, medical anemia)": "",
    "(anapurna, anapurna peak)": "",
    "(mescal, mescal distilled)": "",
    "(butterfly, flying butterfly)": "",
    "(ling, ling fish)": "",
    "(bag, personal bag)": "",
    "(tea, tea herb)": "",
    "(lift, lift surgery)": "",
    "(neck, neck human)": "",
    "(mercury, planet mercury)": "",
    "(gin, gin cards)": "",
    "(seat, cyclist seat)": "",
    "(retard, retard manoeuver)": "",
    "(terry, terry fabric)": "",
    "(tack, sailing tack)": "",
    "(mew, mew sound)": "",
    "(flag, golf flag)": "",
    "(nan, nan river)": "",
    "(globe, earth globe)": "",
    "(mimosa, mimosa beverage)": "",
    "(mercury, liquid mercury)": "",
    "(thresher, thresher fish)": "",
    "(congo, congo tea)": "",
    "(cancer, cancer constellation)": "",
    "(ecstasy, ecstasy feeling)": "",
    "(cygnus, cygnus galaxy)": "",
    "(blackcap, blackcap gull)": "",
    "(frame, frame bones)": "",
    "(ear, ear wheat)": "",
    "(capsule, pill capsule)": "",
    "(cannabis, cannabis plant)": "",
    "(cat, cat ray)": "",
    "(expression, expression maths)": "",
    "(flip, gymnastic flip)": "",
    "(try, legal try)": "",
    "(blue, blue mood)": "",
    "(disk, music disk)": "",
    "(bay, trotting bay)": "",
    "(storage, storage depot)": "",
    "(tortoiseshell, tortoiseshell pet)": "",
    "(saki, saki beverage)": "",
    "(crane, crane stars)": "",
    "(work, study work)": "",
    "(amit, amit game)": "",
    "(wood, wood barrel)": "",
    "(bug, programming bug)": "",
    "(beam, light beam)": "",
    "(track, olympics track)": "",
    "(castle, building castle)": "",
    "(mastic, log mastic)": "",
    "(film, film plastic)": "",
    "(wind, wind instrument)": "",
    "(terrace, agricultural terrace)": "",
    "(gantlet, gantlet abuse)": "",
    "(blush, blush drink)": "",
    "(crow, crow biped)": "",
    "(metal, metal music)": "",
    "(basin, sink basin)": "",
    "(glutton, glutton hungry)": "",
    "(mousse, barber mousse)": "",
    "(cinnabar, cinnabar bug)": "",
    "(argonaut, argonaut shell)": "",
    "(madeira, madeira river)": "",
    "(butterball, lake butterball)": "",
    "(mortar, construction mortar)": "",
    "(trumpeter, music trumpeter)": "",
    "(thymus, human thymus)": "",
    "(madeira, madeira wine)": "",
    "(caper, caper show)": "",
    "(abs, body abs)": "",
    "(watch, time watch)": "",
    "(arch, finger arch)": "",
    "(beetle, beetle hammer)": "",
    "(treat, edible treat)": "",
    "(bass, freshwater bass)": "",
    "(nail, metal nail)": "",
    "(blackcap, blackcap berry)": "",
    "(wellington, wellington city)": "",
    "(steamer, kitchen steamer)": "",
    "(blush, powder blush)": "",
    "(bighorn, bighorn mammal)": "",
    "(anemone, anemone flowers)": "",
    "(supporter, cloth supporter)": "",
    "(flat, flat cargo)": "",
    "(cancer, cancer illness)": "",
    "(tender, railway tender)": "",
    "(match, match competition)": "",
    "(bang, sexual bang)": "",
    "(frame, frame of a painting)": "",
    "(neptune, milky way neptune)": "",
    "(stump, log stump)": "",
    "(alpacca, metal alpacca)": "",
    "(calculus, calculus specialization)": "",
    "(aurora, nordic aurora)": "",
    "(paper, news paper)": "",
    "(lot, parking lot)": "",
    "(chocolate, chocolate chunk)": "",
    "(mole, animal mole)": "",
    "(screwdriver, nail screwdriver)": "",
    "(sling, sling heels)": "",
    "(arctic, arctic boots)": "",
    "(mustard, mustard nourishment)": "",
    "(manhattan, manhattan cocktail)": "",
    "(uranus, planet uranus)": "",
    "(track, tank track)": "",
    "(boa, boa constrictor)": "",
    "(torch, wild torch)": "",
    "(liquorice, candy liquorice)": "",
    "(diamond, shiny diamond)": "",
    "(bannister, stair bannister)": "",
    "(stinger, stinger liquor)": "",
    "(mole, human mole)": "",
    "(mole, meal mole)": "",
    "(stream, rainy stream)": "",
    "(flageolet, flageolet legumes)": "",
    "(circle, traffic circle)": "",
    "(shot, ammunition shot)": "",
    "(cinnabar, cinnabar mineral)": "",
    "(bay, bay sound)": "",
    "(formica, formica laminate)": "",
    "(mate, mate tea)": "",
    "(neck, bottle neck)": "",
    "(sock, direction sock)": "",
    "(cancer, sea cancer)": "",
    "(navigate, navigate the sea)": "",
    "(blossom, spring blossom)": "",
    "(capsule, space capsule)": "",
    "(shot, vaccine shot)": "",
    "(voyage, sea voyage)": "",
    "(lug, lug worm)": "",
    "(sink, restroom sink)": "",
    "(thaw, thaw relax)": "",
    "(dummy, dummy for baby)": "",
    "(chamaeleon, chamaeleon reptile)": "",
    "(chamaeleon, chamaeleon constellation)": "",
    "(buck, log buck)": "",
    "(lumber, lumber club)": "",
    "(treat, medical treat)": "",
    "(chest, body chest)": "",
    "(gold, gold metal)": "",
    "(mouse, computer mouse)": "",
    "(cancer, zodiac cancer)": "",
    "(doodlebug, doodlebug insect)": "",
    "(adam, adam pills)": "",
    "(field, arable field)": "",
    "(alpacca, herbivore alpacca)": "",
    "(aquila, aquila constellation)": "",
    "(abode, living abode)": "",
    "(stump, podium stump)": "",
    "(brittany, brittany breed)": "",
    "(brace, elastic brace)": "",
    "(drill, drill mammal)": "",
    "(lead, lead metallic)": "",
    "(boat, sauce boat)": "",
    "(folder, computer folder)": "",
    "(check, chess check)": "",
    "(viola, viola music)": "",
    "(club, police club)": "",
    "(match, burning match)": "",
    "(mousse, mousse sweet)": "",
    "(folder, folder for papers)": "",
    "(basin, lake basin)": "",
    "(wellington, wellington shoe)": "",
    "(argonaut, argonaut myth)": "",
    "(absinthe, absinthe liqueur)": "",
    "(filet, edible filet)": "",
    "(compass, orientation compass)": "",
    "(teddy, teddy toy)": "",
    "(club, music club)": "",
    "(manhattan, manhattan city)": "",
    "(try, try taste)": "",
    "(bag, bovid bag)": "",
    "(battery, power battery)": "",
    "(voyage, flight voyage)": "",
    "(sub, navy sub)": "",
    "(fencing, fencing yard)": "",
    "(disk, disk land)": "",
    "(mimosa, mimosa flowers)": "",
    "(liquorice, liquorice plant)": "",
    "(chip, gambling chip)": "",
    "(twine, rope twine)": "",
    "(fencing, olympic fencing)": "",
    "(chest, chest box)": "",
    "(case, trolley case)": "",
    "(topi, topi animal)": "",
    "(delivery, delivery package)": "",
    "(dressing, dressing compost)": "",
    "(wood, forest wood)": "",
    "(milk, milk river)": "",
    "(sty, sty inflammation)": "",
    "(manakin, manakin store)": "",
    "(coke, coke powder)": "",
    "(fortification, fortification stronghold)": "",
    "(saki, saki mammal)": "",
    "(flyover, flyover air force)": "",
    "(caper, caper plant)": "",
    "(beam, long beam)": "",
    "(subway, subway transport)": "",
    "(slug, slug snail)": "",
    "(bat, cricket bat)": "",
    "(card, greeting card)": "",
    "(aurora, mythological aurora)": "",
    "(mars, planet mars)": "",
    "(cimarron, cimarron flow)": "",
    "(dike, dike water)": "",
    "(topi, topi hat)": "",
    "(case, glass case)": "",
    "(flyover, flyover with cars)": "",
    "(ace, enzyme ace)": "",
    "(dip, gym dip)": "",
    "(bat, game bat)": "",
    "(mescal, mescal plant)": "",
    "(vesta, divine vesta)": "",
    "(flip, flip a coin)": "",
    "(chamois, suede chamois)": "",
    "(doodlebug, doodlebug plane)": "",
    "(arctic, arctic map)": "",
    "(smoking, smoking steam)": "",
    "(arbor, leafy arbor)": "",
    "(bay, bay leaves)": "",
    "(boa, boa scarf)": "",
    "(sin, calculation sin)": "",
    "(spread, spread knife)": "",
    "(cutter, cutter sea)": "",
    "(lupus, lupus illness)": "",
    "(dandy, dandy appearance)": "",
    "(column, architecture column)": "",
    "(bluebottle, blow bluebottle)": "",
    "(triton, god triton)": "",
    "(sty, crowded sty)": "",
    "(transport, recorder transport)": "",
    "(earthnut, earthnut tuber)": "",
    "(ecstasy, ecstasy drug)": "",
    "(beans, pill beans)": "",
    "(graph, graph visualization)": "",
    "(cygnus, fledged cygnus)": "",
    "(canvas, vessel canvas)": "",
    "(arbor, metal arbor)": "",
    "(aurora, aurora tale)": "",
    "(mercury, mercury statue)": "",
    "(bird, vertebrate bird)": "",
    "(anemia, tropical anemia)": "",
    "(baguet, eating baguet)": "",
    "(crack, crack drug)": "",
    "(disk, floppy disk)": "",
    "(lumber, lumber craft)": "",
    "(balance, measuring balance)": "",
    "(bang, bang blast)": "",
    "(delivery, delivery baseball)": "",
    "(cassiopeia, cassiopeia stars)": "",
    "(drawer, cabinet drawer)": "",
    "(coachwhip, coachwhip shrub)": "",
    "(gantlet, gantlet armor)": "",
    "(watch, watch a movie)": "",
    "(beans, edible beans)": "",
    "(mantle, mantle curtain)": "",
    "(butt, smoking butt)": "",
    "(cassiopeia, greek cassiopeia)": "",
    "(ara, chirping ara)": "",
    "(clog, foot clog)": "",
    "(viola, viola shrub)": "",
    "(vesta, vesta galaxy)": "",
    "(storage, computer storage)": "",
    "(flag, flag banner)": "",
    "(crown, golden crown)": "",
    "(bag, shopping bag)": "",
    "(broom, broom heath)": "",
    "(floor, floor building)": "",
    "(dressing, dressing wound)": "",
    "(triton, triton lizard)": "",
    "(dory, dory fish)": "",
    "(rice, sticky rice)": "",
    "(alpha, alpha star)": "",
    "(teddy, teddy garment)": "",
    "(anís, anís herb)": "",
    "(exhaust, exhaust gas)": "",
    "(tympanum, tympanum instrument)": "",
    "(bomber, military bomber)": "",
    "(mike, mike speaker)": "",
    "(absinthe, fennel absinthe)": "",
    "(capsule, capsule seed)": "",
    "(butterfly, butterfly stroke)": "",
    "(alexander, alexander leaves)": "",
    "(mouse, mouse injury)": "",
    "(flageolet, flageolet instrument)": "",
    "(steamer, sea steamer)": "",
    "(calamus, calamus plant)": "",
    "(tail, investigation tail)": "",
    "(boxers, fabric boxers)": "",
    "(butt, human butt)": "",
    "(bag, travel bag)": "",
    "(ear, human ear)": "",
    "(bug, arthropod bug)": "",
    "(tack, tack pins)": "",
    "(drill, drill tool)": "",
    "(grade, scale grade)": "",
    "(apis, apis stars)": "",
    "(anemone, anemone tentacles)": "",
    "(club, golf club)": "",
    "(bun, domesticated bun)": "",
    "(cheese, cheese food)": "",
    "(clocks, clocks weed)": "",
    "(globe, globe ball)": "",
    "(lead, lead show)": "",
    "(ceres, ceres divinity)": "",
    "(castle, chess castle)": "",
    "(thresher, agricultural thresher)": "",
    "(skin, skin taste)": "",
    "(stream, river stream)": "",
    "(arm, arm skin)": "",
    "(glutton, glutton animal)": "",
    "(amit, amit god)": "",
    "(force, force in baseball)": "",
    "(capsule, cockpit capsule)": "",
    "(mars, mars divinity)": "",
    "(filet, filet knitting)": "",
    "(anís, anís drink)": "",
    "(stool, living room stool)": "",
    "(bat, flying bat)": "",
    "(crossroads, crossroads settlement)": "",
    "(chip, potato chip)": "",
    "(coke, coke beverage)": "",
    "(aquila, flying aquila)": "",
    "(tender, ship's tender)": "",
    "(torpedo, torpedo snack)": "",
    "(field, game field)": "",
    "(columba, columba bird)": "",
    "(flag, paving flag)": "",
    "(anjou, anjou bunch)": "",
    "(cloudy, cloudy sky)": "",
    "(beaver, beaver rodent)": "",
    "(slug, rifle slug)": "",
    "(wood, wood log)": "",
    "(grape, edible grape)": "",
    "(gem, gem pastry)": "",
    "(cricket, cricket game)": "",
    "(mantle, mantle shelf)": "",
    "(woodpecker, fledged woodpecker)": "",
    "(torch, torch battery)": "",
    "(crane, metal crane)": "",
    "(beaver, beaver hat)": "",
    "(speed, street corner speed)": "",
    "(crêpe, crêpe food)": "",
    "(sink, land sink)": "",
    "(nan, nan bread)": "",
    "(bun, hair bun)": "",
    "(bang, person bang)": "",
    "(sock, foot sock)": "",
    "(bun, flour bun)": "",
    "(crab, crab parasite)": "",
    "(acropodium, acropodium petals)": "",
    "(calculus, calculus rock)": "",
    "(gem, gem rock)": "",
    "(lepus, lepus beast)": "",
    "(chocolate, hot chocolate)": "",
    "(arm, hunting arm)": "",
    "(mortar, mortar for shooting)": "",
    "(screwdriver, drinkable screwdriver)": "",
    "(flake, snow flake)": "",
    "(crane, crane bird)": "",
    "(blue, blue cheese)": "",
    "(boxers, ring boxers)": "",
    "(dummy, dummy bullets)": "",
    "(brittany, brittany region)": "",
    "(tornado, atmospheric tornado)": "",
    "(flight, birds flight)": "",
    "(bomber, bomber bread)": "",
    "(compass, drawing compass)": "",
    "(battery, battery shoot)": "",
    "(tea, tea beverage)": "",
    "(flat, lie down flat)": "",
    "(marsh, marsh grass)": "",
    "(calamus, calamus animal)": "",
    "(stinger, scorpio stinger)": "",
    "(gin, gin tool)": "",
    "(crow, crow constellation)": "",
    "(shell, egg shell)": "",
    "(manakin, winged manakin)": "",
    "(case, court case)": "",
    "(cardamom, cardamom plant)": "",
    "(ling, ling herb)": "",
    "(sponge, living sponge)": "",
    "(nail, nail hand)": "",
    "(aurora, morning aurora)": "",
    "(bird, badminton bird)": "",
    "(mew, mew gull)": "",
    "(lid, lid hat)": "",
    "(draco, draco lizard)": "",
    "(lumber, lumber stacking up)": "",
    "(torpedo, sea torpedo)": "",
    "(canvas, data canvas)": "",
    "(lift, lift raising)": "",
    "(ara, sky ara)": "",
    "(anapurna, anapurna goddess)": "",
    "(dandy, dandy marine)": "",
    "(bass, string bass)": "",
    "(fringe, fringe hair)": "",
    "(apis, honey apis)": "",
    "(mate, mate in chess)": "",
    "(muller, muller grinder)": "",
    "(bay, bay shore)": "",
    "(ceres, space ceres)": "",
    "(coachwhip, coachwhip snake)": "",
    "(bug, surveillance bug)": "",
    "(bluebottle, bluebottle siphonophore)": "",
    "(crop, cattle crop)": "",
    "(boat, travel boat)": "",
    "(flag, flag flower)": "",
    "(acropodium, acropodium bust)": "",
    "(mole, shore mole)": "",
    "(flat, building flat)": "",
    "(tail, animal tail)": "",
    "(bighorn, bighorn river)": "",
    "(cat, cat feline)": "",
    "(chuck, meat chuck)": "",
    "(crease, sharp crease)": "",
    "(cutter, stone cutter)": "",
    "(gin, gin digestive)": "",
    "(earthnut, crunchy earthnut)": "",
    "(embroidery, fabric embroidery)": "",
    "(spring, matress spring)": "",
    "(broom, broom stick)": "",
    "(scene, child scene)": "",
    "(dip, swim dip)": "",
    "(rubber, school rubber)": "",
    "(fringe, fringe dress)": "",
    "(track, train track)": "",
    "(bluebottle, bluebottle flower)": "",
    "(lid, lid eye)": "",
    "(chest, chest furniture)": "",
    "(cricket, cricket insect)": "",
    "(circle, circle shape)": "",
    "(milk, glass of milk)": "",
    "(dip, dip appetizer)": "",
    "(chamois, quadruped chamois)": "",
    "(cannabis, cannabis drug)": "",
    "(crossroads, crossroads cars)": "",
    "(clocks, time clocks)": "",
    "(columba, columba stars)": "",
    "(diamond, diamond field)": ""
}