{
    "(gomma, gomma per smacchiare)": "",
    "(asino, asino gioco di carte)": "",
    "(colonna, colonna missione)": "",
    "(box, box per infanti)": "",
    "(bolla, bolla di misurazione)": "",
    "(banco, banco scrivania)": "",
    "(durone, durone arbusto)": "",
    "(alfiere, alfiere si muove in diagonale)": "",
    "(chiocciola, chiocciola strisciante)": "",
    "(aquila, aquila stelle)": "",
    "(esecuzione, esecuzione esibizione)": "",
    "(medusa, medusa d'acqua)": "",
    "(cassa, cassa da fuoco)": "",
    "(bacino, bacino lago)": "",
    "(barba, barba acquatica)": "",
    "(mimosa, mimosa natura)": "",
    "(ariete, ariete di battaglia)": "",
    "(iceberg, iceberg di ghiaccio)": "",
    "(centauro, centauro spazio)": "",
    "(ariete, ariete in cielo)": "",
    "(carta, carta da gioco)": "",
    "(fiocco, fiocco di neve)": "",
    "(mosca, mosca peluria)": "",
    "(argine, argine di una diga)": "",
    "(albero, albero d'imbarcazione)": "",
    "(gru, gru galassia)": "",
    "(cipolla, cipolla diuretica)": "",
    "(iride, iride fiore)": "",
    "(angelo, angelo del paradiso)": "",
    "(apertura, apertura di una partita)": "",
    "(banco, banco d'officina)": "",
    "(limetta, limetta per le unghie)": "",
    "(ferro, ferro per stirare)": "",
    "(bomba, bomba di crema)": "",
    "(canna, canna d'organo)": "",
    "(asta, asta palo)": "",
    "(gomma, gomma sul tronco)": "",
    "(caramella, caramella monocolo)": "",
    "(leone, leone foresta)": "",
    "(bolla, bolla cutanea)": "",
    "(penna, penna di volatile)": "",
    "(catena, catena di un veicolo)": "",
    "(riccio, riccio pettinatura)": "",
    "(cartella, cartella icona)": "",
    "(cacao, barretta di cacao)": "",
    "(cocco, cocco batterio)": "",
    "(baco, baco natura)": "",
    "(piumino, piumino per riscaldarsi)": "",
    "(cassa, cassa combinazione)": "",
    "(babele, babele torre)": "",
    "(camaleonte, camaleonte stelle)": "",
    "(batteria, batteria per suonare)": "",
    "(jfk, jfk persona)": "",
    "(calcagno, calcagno di scarpa)": "",
    "(cuffia, cuffia per piscina)": "",
    "(orbita, orbita terrestre)": "",
    "(rosa, rosa in architettura)": "",
    "(corona, corona di fiori)": "",
    "(lama, lama quadrupete)": "",
    "(muro, muro sport)": "",
    "(rampicante, pianta rampicante)": "",
    "(presa, presa impugnare)": "",
    "(coda, coda fila)": "",
    "(cappuccino, cappuccino mammifero)": "",
    "(asta, asta prua)": "",
    "(caffè, caffè in tazzina)": "",
    "(cipolla, cipolla da taschino)": "",
    "(iceberg, iceberg da mangiare)": "",
    "(riccio, riccio d'acqua)": "",
    "(lino, tessuto di lino)": "",
    "(retina, retina oculare)": "",
    "(crema, crema pasticcera)": "",
    "(lima, lima d'acciaio)": "",
    "(obiettivo, obiettivo fotografico)": "",
    "(ariete, ariete animale)": "",
    "(retina, retina per capelli)": "",
    "(cotta, cotta armatura)": "",
    "(galletto, fungo galletto)": "",
    "(impermeabile, impermeabile per il maltempo)": "",
    "(ciccia, ciccia obeso)": "",
    "(rosa, rosa fiorita)": "",
    "(lampo, lampo e tuoni)": "",
    "(fusto, fusto tronco)": "",
    "(porta, porta valico)": "",
    "(giacinto, giacinto gemma)": "",
    "(cappa, cappa mantella)": "",
    "(mimo, attore mimo)": "",
    "(aquila, aquila animale)": "",
    "(carro, carro da trainare)": "",
    "(rocco, rocco bastone)": "",
    "(cocco, noce di cocco)": "",
    "(coca, coca bibita)": "",
    "(piano, piano di un condominio)": "",
    "(erba, erba foraggio)": "",
    "(ago, ago per puntura)": "",
    "(riso, riso alimento)": "",
    "(elica, elica di un motore)": "",
    "(ittero, ittero infezione)": "",
    "(dado, dado per brodo)": "",
    "(gru, gru uccello)": "",
    "(ambrosia, ambrosia dessert)": "",
    "(disco, disco da gioco)": "",
    "(olio, olio motore)": "",
    "(giostra, giostra medioevale)": "",
    "(chiave, chiave d'apertura)": "",
    "(crema, crema purea)": "",
    "(minerale, bibita minerale)": "",
    "(mazza, mazza per lavori)": "",
    "(campanella, campanella profumata)": "",
    "(moto, moto a benzina)": "",
    "(limetta, limetta agrume)": "",
    "(lampo, lampo flash)": "",
    "(manhattan, manhattan bevibile)": "",
    "(martello, martello con le branchie)": "",
    "(passerina, uva passerina)": "",
    "(corona, corona reale)": "",
    "(espresso, caffè espresso)": "",
    "(cascata, cascata d'acqua)": "",
    "(cucù, orologio a cucù)": "",
    "(cassa, cassa supermercato)": "",
    "(fiocco, legati con fiocco)": "",
    "(porta, porta di un edificio)": "",
    "(cimice, cimice per appendere)": "",
    "(mazza, mazza da cricket)": "",
    "(film, film rullino)": "",
    "(brocca, brocca contenitore)": "",
    "(fede, fede di matrimonio)": "",
    "(nido, nido di volatili)": "",
    "(filo, filo di lana)": "",
    "(catena, catena multinazionale)": "",
    "(bilancia, bilancia costellazione)": "",
    "(campagna, campagna appezzamento)": "",
    "(ariete, ariete idrico)": "",
    "(pizzo, tessuto di pizzo)": "",
    "(coriandolo, coriandolo di carta)": "",
    "(mazza, mazza da baseball)": "",
    "(rana, rana anfibio)": "",
    "(porto, liquore di porto)": "",
    "(cavallo, cavallo olimpiadi)": "",
    "(coccio, coccio pesce)": "",
    "(lira, lira volatile)": "",
    "(frattura, frattura ossea)": "",
    "(menta, confetti di menta)": "",
    "(dracaena, dracaena rettile)": "",
    "(leone, leone sistema stellare)": "",
    "(calata, calata in montagna)": "",
    "(barba, barba in faccia)": "",
    "(carambola, carambola seme)": "",
    "(ambra, ambra pietra)": "",
    "(asse, asse edile)": "",
    "(argonauta, argonauta di mare)": "",
    "(gru, gru mezzo pesante)": "",
    "(batteria, batteria d'armi)": "",
    "(bastoni, briscola di bastoni)": "",
    "(navigare, navigare il web)": "",
    "(espresso, consegna espresso)": "",
    "(maiale, maiale nel fango)": "",
    "(arenaria, arenaria volatile)": "",
    "(mitra, mitra religioso)": "",
    "(carena, carena di un battello)": "",
    "(nido, nido per i bimbi)": "",
    "(cartone, cartone riciclabile)": "",
    "(cavalluccio, cavalluccio marino)": "",
    "(espettorazione, espettorazione catarro)": "",
    "(angelo, angelo d'acqua)": "",
    "(bomba, bomba esplosione)": "",
    "(cucù, cucù uccello)": "",
    "(ago, ago sarto)": "",
    "(girella, girella cibo)": "",
    "(mousse, mousse schiumosa)": "",
    "(conga, conga bongo)": "",
    "(carcassa, carcassa umana)": "",
    "(messe, celebrare messe)": "",
    "(manubrio, manubrio di palestra)": "",
    "(cucina, cucina ambiente)": "",
    "(cigno, cigno in un lago)": "",
    "(granata, munizioni a granata)": "",
    "(calcagno, calcagno del piede)": "",
    "(menta, piantina di menta)": "",
    "(mazza, mazza da golf)": "",
    "(portiere, portiere in uno sport)": "",
    "(chili, chili spezia)": "",
    "(durone, durone callo)": "",
    "(radio, radio avambraccio)": "",
    "(assenzio, assenzio erbe)": "",
    "(neve, sniffarsi la neve)": "",
    "(ghiottone, ghiottone animale)": "",
    "(pappagallo, pappagallo volatile)": "",
    "(farfalla, farfalla cravattino)": "",
    "(ittero, ittero uccellino)": "",
    "(capo, capo allenatore)": "",
    "(cartella, cartella da lavoro)": "",
    "(chiodo, chiodo appuntito)": "",
    "(acquario, acquario vasca)": "",
    "(pipistrello, pipistrello scialle)": "",
    "(fregio, bassorilievo in un fregio)": "",
    "(ghiottone, ghiottone golosone)": "",
    "(bue, bue al pascolo)": "",
    "(pipa, pipa per fumare)": "",
    "(bagno, bagno sanitari)": "",
    "(cavallo, cavallo pezzo leggero)": "",
    "(eva, adamo ed eva)": "",
    "(assenzio, assenzio digestivo)": "",
    "(rana, nuotare a rana)": "",
    "(colorante, colorante per tintura)": "",
    "(box, box d'auto)": "",
    "(depressione, depressione avvallamento)": "",
    "(asta, asta di un gioco)": "",
    "(doppietta, doppietta arma)": "",
    "(adesivo, adesivo collante)": "",
    "(corona, corona astronomia)": "",
    "(cipolla, cipolla acconciatura)": "",
    "(dado, dado per giocare)": "",
    "(pappagallo, pappagallo per urinare)": "",
    "(ballerina, ballerina volatile)": "",
    "(plutone, plutone masso)": "",
    "(acquario, acquario astronomia)": "",
    "(caccia, stagione di caccia)": "",
    "(collo, collo umano)": "",
    "(campanella, campanella d'abitazione)": "",
    "(bongo, bongo mammifero)": "",
    "(aurora, aurora del mattino)": "",
    "(coda, taglio con coda)": "",
    "(buccia, buccia frutto)": "",
    "(filo, filo di spago)": "",
    "(pesca, pesca frutto)": "",
    "(box, box guantoni)": "",
    "(riccio, riccio mammifero)": "",
    "(chiave, chiave per svitare)": "",
    "(cilindro, cilindro di un mago)": "",
    "(bilancia, bilancia e chili)": "",
    "(asse, asse d'umano)": "",
    "(piano, piano suonabile)": "",
    "(conchiglia, conchiglia marina)": "",
    "(ortolano, mestiere di ortolano)": "",
    "(pizzo, pizzo peluria)": "",
    "(mimosa, mimosa prosecco)": "",
    "(orbita, orbita oculare)": "",
    "(porta, porta rete)": "",
    "(cocco, palma di cocco)": "",
    "(procione, procione animale)": "",
    "(grifone, grifone volatile)": "",
    "(gola, gola del terreno)": "",
    "(pollice, pollice misurazione)": "",
    "(bagno, bagno nuoto)": "",
    "(golf, golf maglione)": "",
    "(conga, conga ballo)": "",
    "(carambola, carambola arbusto)": "",
    "(ceppo, ceppo di prigionia)": "",
    "(pigliamosche, pianta pigliamosche)": "",
    "(campagna, campagna politica)": "",
    "(calcio, calcio impugnatura)": "",
    "(dado, dado per viti)": "",
    "(racchetta, racchetta da tennis)": "",
    "(farfalla, nuotare a farfalla)": "",
    "(kiwi, kiwi uccello)": "",
    "(porro, porro ortaggio)": "",
    "(batteria, batteria per l'elettricità)": "",
    "(cappa, cappa aspiratore)": "",
    "(barbone, barbone bestia)": "",
    "(coperto, coperto servizio)": "",
    "(cacao, cacao seme)": "",
    "(bacchetta, bacchetta per mangiare)": "",
    "(dorso, dorso piscina)": "",
    "(baco, baco informatico)": "",
    "(delfino, stile a delfino)": "",
    "(anfibio, mezzo anfibio)": "",
    "(rondella, rondella per bulloni)": "",
    "(deposito, deposito posa)": "",
    "(barca, barca scialuppa)": "",
    "(ghiacciolo, ghiacciolo commestibile)": "",
    "(balestra, balestra del medioevo)": "",
    "(barriera, barriera cancello)": "",
    "(rete, rete marina)": "",
    "(gomma, masticare la gomma)": "",
    "(cielo, cielo del soffitto)": "",
    "(cuffia, cuffia per audio)": "",
    "(anfibio, essere anfibio)": "",
    "(canale, canale di navigazione)": "",
    "(berta, berta volatile)": "",
    "(cintola, cintola per stringere)": "",
    "(asino, asino erbivoro)": "",
    "(gola, gola umana)": "",
    "(banco, banco panchina)": "",
    "(colonna, colonna portante)": "",
    "(caramella, caramella gommosa)": "",
    "(atropo, atropo insetto)": "",
    "(boa, boa sciarpa)": "",
    "(capsula, capsula blister)": "",
    "(bastoni, bastoni per uno sport)": "",
    "(adesivo, adesivo figurina)": "",
    "(riso, riso di gioia)": "",
    "(eremita, eremita paguro)": "",
    "(boa, boa rettile)": "",
    "(alfiere, alfiere rappresentante)": "",
    "(giacinto, giacinto foglie)": "",
    "(fusto, fusto addome)": "",
    "(penna, penna cibo)": "",
    "(olio, olio bevibile)": "",
    "(capsula, capsula pressurizzata)": "",
    "(fenice, fenice animale)": "",
    "(puntine, puntine da parete)": "",
    "(costume, costume di mare)": "",
    "(ceppo, ceppo di un albero)": "",
    "(dorso, dorso schiena)": ""
}